-- MySQL dump 10.13  Distrib 8.0.42, for Win64 (x86_64)
--
-- Host: localhost    Database: shop_db
-- ------------------------------------------------------
-- Server version	8.0.42

/*!40101 SET @OLD_CHARACTER_SET_CLIENT=@@CHARACTER_SET_CLIENT */;
/*!40101 SET @OLD_CHARACTER_SET_RESULTS=@@CHARACTER_SET_RESULTS */;
/*!40101 SET @OLD_COLLATION_CONNECTION=@@COLLATION_CONNECTION */;
/*!50503 SET NAMES utf8 */;
/*!40103 SET @OLD_TIME_ZONE=@@TIME_ZONE */;
/*!40103 SET TIME_ZONE='+00:00' */;
/*!40014 SET @OLD_UNIQUE_CHECKS=@@UNIQUE_CHECKS, UNIQUE_CHECKS=0 */;
/*!40014 SET @OLD_FOREIGN_KEY_CHECKS=@@FOREIGN_KEY_CHECKS, FOREIGN_KEY_CHECKS=0 */;
/*!40101 SET @OLD_SQL_MODE=@@SQL_MODE, SQL_MODE='NO_AUTO_VALUE_ON_ZERO' */;
/*!40111 SET @OLD_SQL_NOTES=@@SQL_NOTES, SQL_NOTES=0 */;

--
-- Table structure for table `admin_settings`
--

DROP TABLE IF EXISTS `admin_settings`;
/*!40101 SET @saved_cs_client     = @@character_set_client */;
/*!50503 SET character_set_client = utf8mb4 */;
CREATE TABLE `admin_settings` (
  `id` int NOT NULL AUTO_INCREMENT,
  `category` varchar(50) NOT NULL,
  `name` varchar(100) NOT NULL,
  `value` text,
  `created_at` timestamp NULL DEFAULT CURRENT_TIMESTAMP,
  `updated_at` timestamp NULL DEFAULT CURRENT_TIMESTAMP ON UPDATE CURRENT_TIMESTAMP,
  PRIMARY KEY (`id`)
) ENGINE=InnoDB AUTO_INCREMENT=8 DEFAULT CHARSET=utf8mb4 COLLATE=utf8mb4_0900_ai_ci;
/*!40101 SET character_set_client = @saved_cs_client */;

--
-- Dumping data for table `admin_settings`
--

LOCK TABLES `admin_settings` WRITE;
/*!40000 ALTER TABLE `admin_settings` DISABLE KEYS */;
INSERT INTO `admin_settings` VALUES (1,'system','site_name','Audio Shop','2025-06-03 12:46:15','2025-06-03 12:46:15'),(2,'system','currency','VND','2025-06-03 12:46:15','2025-06-03 12:46:15'),(3,'system','tax_rate','10','2025-06-03 12:46:15','2025-06-03 12:46:15'),(4,'email','smtp_host','smtp.gmail.com','2025-06-03 12:46:15','2025-06-03 12:46:15'),(5,'email','smtp_port','587','2025-06-03 12:46:15','2025-06-03 12:46:15'),(6,'email','smtp_user','your-email@gmail.com','2025-06-03 12:46:15','2025-06-03 12:46:15'),(7,'email','smtp_pass','your-app-password','2025-06-03 12:46:15','2025-06-03 12:46:15');
/*!40000 ALTER TABLE `admin_settings` ENABLE KEYS */;
UNLOCK TABLES;

--
-- Table structure for table `contacts`
--

DROP TABLE IF EXISTS `contacts`;
/*!40101 SET @saved_cs_client     = @@character_set_client */;
/*!50503 SET character_set_client = utf8mb4 */;
CREATE TABLE `contacts` (
  `id` int NOT NULL AUTO_INCREMENT,
  `user_id` int NOT NULL,
  `name` varchar(255) DEFAULT NULL,
  `email` varchar(255) DEFAULT NULL,
  `phone` varchar(255) DEFAULT NULL,
  `message` text,
  PRIMARY KEY (`id`),
  KEY `user_id` (`user_id`),
  CONSTRAINT `contacts_ibfk_1` FOREIGN KEY (`user_id`) REFERENCES `users` (`id`)
) ENGINE=InnoDB DEFAULT CHARSET=utf8mb4 COLLATE=utf8mb4_0900_ai_ci;
/*!40101 SET character_set_client = @saved_cs_client */;

--
-- Dumping data for table `contacts`
--

LOCK TABLES `contacts` WRITE;
/*!40000 ALTER TABLE `contacts` DISABLE KEYS */;
/*!40000 ALTER TABLE `contacts` ENABLE KEYS */;
UNLOCK TABLES;

--
-- Table structure for table `districts`
--

DROP TABLE IF EXISTS `districts`;
/*!40101 SET @saved_cs_client     = @@character_set_client */;
/*!50503 SET character_set_client = utf8mb4 */;
CREATE TABLE `districts` (
  `id` int NOT NULL AUTO_INCREMENT,
  `name` varchar(255) NOT NULL,
  `code` varchar(10) DEFAULT NULL,
  `province_id` int NOT NULL,
  PRIMARY KEY (`id`),
  KEY `province_id` (`province_id`),
  CONSTRAINT `districts_ibfk_1` FOREIGN KEY (`province_id`) REFERENCES `provinces` (`id`)
) ENGINE=InnoDB AUTO_INCREMENT=53 DEFAULT CHARSET=utf8mb4 COLLATE=utf8mb4_0900_ai_ci;
/*!40101 SET character_set_client = @saved_cs_client */;

--
-- Dumping data for table `districts`
--

LOCK TABLES `districts` WRITE;
/*!40000 ALTER TABLE `districts` DISABLE KEYS */;
INSERT INTO `districts` VALUES (1,'Ba Đình','001',1),(2,'Hoàn Kiếm','002',1),(3,'Tây Hồ','003',1),(4,'Long Biên','004',1),(5,'Cầu Giấy','005',1),(6,'Đống Đa','006',1),(7,'Hai Bà Trưng','007',1),(8,'Hoàng Mai','008',1),(9,'Thanh Xuân','009',1),(10,'Sóc Sơn','016',1),(11,'Đông Anh','017',1),(12,'Gia Lâm','018',1),(13,'Nam Từ Liêm','019',1),(14,'Thanh Trì','020',1),(15,'Mê Linh','021',1),(16,'Hà Đông','250',1),(17,'Sơn Tây','268',1),(18,'Ba Vì','269',1),(19,'Phúc Thọ','271',1),(20,'Đan Phượng','272',1),(21,'Hoài Đức','273',1),(22,'Quốc Oai','274',1),(23,'Thạch Thất','275',1),(24,'Chương Mỹ','276',1),(25,'Thanh Oai','277',1),(26,'Thường Tín','278',1),(27,'Phú Xuyên','279',1),(28,'Ứng Hòa','280',1),(29,'Mỹ Đức','281',1),(30,'Quận 1','760',2),(31,'Quận 2','761',2),(32,'Quận 3','762',2),(33,'Quận 4','763',2),(34,'Quận 5','764',2),(35,'Quận 6','765',2),(36,'Quận 7','766',2),(37,'Quận 8','767',2),(38,'Quận 9','768',2),(39,'Quận 10','769',2),(40,'Quận 11','770',2),(41,'Quận 12','771',2),(42,'Tân Bình','772',2),(43,'Bình Tân','773',2),(44,'Tân Phú','774',2),(45,'Phú Nhuận','775',2),(46,'Gò Vấp','776',2),(47,'Bình Thạnh','777',2),(48,'Thủ Đức','778',2),(49,'Củ Chi','783',2),(50,'Hóc Môn','784',2),(51,'Bình Chánh','785',2),(52,'Nhà Bè','786',2);
/*!40000 ALTER TABLE `districts` ENABLE KEYS */;
UNLOCK TABLES;

--
-- Table structure for table `inventory_history`
--

DROP TABLE IF EXISTS `inventory_history`;
/*!40101 SET @saved_cs_client     = @@character_set_client */;
/*!50503 SET character_set_client = utf8mb4 */;
CREATE TABLE `inventory_history` (
  `id` int NOT NULL AUTO_INCREMENT,
  `product_id` int NOT NULL,
  `quantity` int NOT NULL,
  `type` enum('import','export') NOT NULL,
  `reference_type` varchar(50) DEFAULT NULL,
  `note` text,
  `created_by` int NOT NULL,
  `created_at` timestamp NULL DEFAULT CURRENT_TIMESTAMP,
  PRIMARY KEY (`id`),
  KEY `product_id` (`product_id`),
  KEY `created_by` (`created_by`),
  CONSTRAINT `inventory_history_ibfk_1` FOREIGN KEY (`product_id`) REFERENCES `products` (`id`),
  CONSTRAINT `inventory_history_ibfk_2` FOREIGN KEY (`created_by`) REFERENCES `users` (`id`)
) ENGINE=InnoDB DEFAULT CHARSET=utf8mb4 COLLATE=utf8mb4_0900_ai_ci;
/*!40101 SET character_set_client = @saved_cs_client */;

--
-- Dumping data for table `inventory_history`
--

LOCK TABLES `inventory_history` WRITE;
/*!40000 ALTER TABLE `inventory_history` DISABLE KEYS */;
/*!40000 ALTER TABLE `inventory_history` ENABLE KEYS */;
UNLOCK TABLES;

--
-- Table structure for table `news`
--

DROP TABLE IF EXISTS `news`;
/*!40101 SET @saved_cs_client     = @@character_set_client */;
/*!50503 SET character_set_client = utf8mb4 */;
CREATE TABLE `news` (
  `id` int NOT NULL AUTO_INCREMENT,
  `title` varchar(255) NOT NULL,
  `content` text NOT NULL,
  `user_id` int NOT NULL,
  `date_posted` datetime DEFAULT CURRENT_TIMESTAMP,
  `views` int DEFAULT '0',
  `image` varchar(255) DEFAULT NULL,
  `banner_right` varchar(255) DEFAULT NULL,
  PRIMARY KEY (`id`),
  KEY `fk_user_id` (`user_id`),
  CONSTRAINT `fk_user_id` FOREIGN KEY (`user_id`) REFERENCES `users` (`id`)
) ENGINE=InnoDB AUTO_INCREMENT=19 DEFAULT CHARSET=utf8mb4 COLLATE=utf8mb4_0900_ai_ci;
/*!40101 SET character_set_client = @saved_cs_client */;

--
-- Dumping data for table `news`
--

LOCK TABLES `news` WRITE;
/*!40000 ALTER TABLE `news` DISABLE KEYS */;
INSERT INTO `news` VALUES (13,'SONY LA SO 1','<p>TETS NOI DUNG 1234353453453453434624673dsfgsdfg sdfgsdfg sdf sdgf sdfg&nbsp;</p>',1,'2025-05-22 00:00:00',0,'images/3K IMG/News/1749820336280-download (1).jpg','http://127.0.0.1:5500/images/3K%20IMG/News/1749655634072-Screenshot_14-3-2025_213551_www.sony.com.vn.jpeg'),(15,'sonY LA SO 123','<p>tets noi dung 12334455</p>',1,'2025-06-04 00:00:00',0,'images/3K IMG/News/1749021863797-7fc76ac8985d2903704c (1).jpg',NULL),(18,'ONEPIECE SIEU HAY','<p>trong t&ugrave;, kh&ocirc;ng rượu, cũng kh&ocirc;ng hoa<br>cảnh đẹp đ&ecirc;m nay, kh&oacute; thẫn thờ<br>người ngắm trăng soi ngo&agrave;i cửa sổ<br>trăng nh&ograve;m khe cửa ngắm nh&agrave; thơ</p>',10,'2025-06-17 00:00:00',0,'http://127.0.0.1:5501/Web_project/images/3K%20IMG/News/1750242578344-1096882.jpg','http://127.0.0.1:5501/Web_project/images/3K%20IMG/News/1750242578371-1096934.jpg');
/*!40000 ALTER TABLE `news` ENABLE KEYS */;
UNLOCK TABLES;

--
-- Table structure for table `order_details`
--

DROP TABLE IF EXISTS `order_details`;
/*!40101 SET @saved_cs_client     = @@character_set_client */;
/*!50503 SET character_set_client = utf8mb4 */;
CREATE TABLE `order_details` (
  `id` int NOT NULL AUTO_INCREMENT,
  `order_id` int NOT NULL,
  `product_id` int NOT NULL,
  `quantity` int NOT NULL,
  `price` decimal(15,2) NOT NULL,
  `sale_price` decimal(15,2) DEFAULT NULL,
  `total_price` decimal(15,2) NOT NULL,
  `created_at` timestamp NULL DEFAULT CURRENT_TIMESTAMP,
  PRIMARY KEY (`id`),
  KEY `order_id` (`order_id`),
  KEY `product_id` (`product_id`),
  CONSTRAINT `order_details_ibfk_1` FOREIGN KEY (`order_id`) REFERENCES `orders` (`id`) ON DELETE CASCADE,
  CONSTRAINT `order_details_ibfk_2` FOREIGN KEY (`product_id`) REFERENCES `products` (`id`)
) ENGINE=InnoDB AUTO_INCREMENT=189 DEFAULT CHARSET=utf8mb4 COLLATE=utf8mb4_0900_ai_ci;
/*!40101 SET character_set_client = @saved_cs_client */;

--
-- Dumping data for table `order_details`
--

LOCK TABLES `order_details` WRITE;
/*!40000 ALTER TABLE `order_details` DISABLE KEYS */;
INSERT INTO `order_details` VALUES (1,1,63,1,21990000.00,NULL,21990000.00,'2025-06-11 20:55:26'),(2,1,62,1,9990000.00,NULL,9990000.00,'2025-06-11 20:55:26'),(3,1,58,1,4190000.00,NULL,4190000.00,'2025-06-11 20:55:26'),(4,3,83,1,250000.00,NULL,250000.00,'2025-06-11 20:55:59'),(5,3,82,1,230000.00,NULL,230000.00,'2025-06-11 20:55:59'),(6,4,85,1,490000.00,NULL,490000.00,'2025-06-11 20:56:20'),(7,4,84,1,1990000.00,NULL,1990000.00,'2025-06-11 20:56:20'),(8,5,84,1,1990000.00,NULL,1990000.00,'2025-06-11 20:58:51'),(9,5,83,1,250000.00,NULL,250000.00,'2025-06-11 20:58:51'),(10,5,79,1,120000.00,NULL,120000.00,'2025-06-11 20:58:51'),(11,5,73,1,210000.00,NULL,210000.00,'2025-06-11 20:58:51'),(12,6,38,1,8800000.00,NULL,8800000.00,'2025-06-11 21:02:44'),(13,6,37,1,6200000.00,NULL,6200000.00,'2025-06-11 21:02:44'),(14,7,85,1,490000.00,NULL,490000.00,'2025-06-11 21:04:20'),(15,7,70,1,180000.00,NULL,180000.00,'2025-06-11 21:04:20'),(16,8,85,2,490000.00,NULL,980000.00,'2025-06-11 21:06:25'),(17,9,82,1,230000.00,NULL,230000.00,'2025-06-11 21:07:40'),(18,9,85,1,490000.00,NULL,490000.00,'2025-06-11 21:07:40'),(19,10,85,1,490000.00,NULL,490000.00,'2025-06-11 21:09:13'),(20,11,85,2,490000.00,NULL,980000.00,'2025-06-11 21:10:49'),(21,12,83,2,250000.00,NULL,500000.00,'2025-06-11 21:11:08'),(22,13,85,2,490000.00,NULL,980000.00,'2025-06-11 21:12:03'),(23,14,85,2,490000.00,NULL,980000.00,'2025-06-11 21:12:18'),(24,15,84,2,1990000.00,NULL,3980000.00,'2025-06-11 21:14:15'),(25,15,81,1,490000.00,NULL,490000.00,'2025-06-11 21:14:15'),(26,16,82,1,230000.00,NULL,230000.00,'2025-06-11 21:14:42'),(27,17,83,1,250000.00,NULL,250000.00,'2025-06-11 21:16:19'),(28,18,84,2,1990000.00,NULL,3980000.00,'2025-06-11 21:19:00'),(29,19,84,2,1990000.00,NULL,3980000.00,'2025-06-11 21:20:36'),(30,20,85,2,490000.00,NULL,980000.00,'2025-06-11 21:22:10'),(31,21,83,1,250000.00,NULL,250000.00,'2025-06-11 21:22:34'),(32,22,85,1,490000.00,NULL,490000.00,'2025-06-11 21:23:42'),(33,23,83,1,250000.00,NULL,250000.00,'2025-06-11 21:24:01'),(34,24,81,1,490000.00,NULL,490000.00,'2025-06-11 21:33:50'),(35,24,85,1,490000.00,NULL,490000.00,'2025-06-11 21:33:50'),(36,24,82,1,230000.00,NULL,230000.00,'2025-06-11 21:33:50'),(37,24,83,1,250000.00,NULL,250000.00,'2025-06-11 21:33:50'),(38,36,63,1,21990000.00,NULL,21990000.00,'2025-06-12 14:09:49'),(39,36,62,1,9990000.00,NULL,9990000.00,'2025-06-12 14:09:49'),(40,36,84,2,1990000.00,NULL,3980000.00,'2025-06-12 14:09:49'),(41,37,63,1,21990000.00,NULL,21990000.00,'2025-06-12 14:09:52'),(42,37,62,1,9990000.00,NULL,9990000.00,'2025-06-12 14:09:52'),(43,37,84,2,1990000.00,NULL,3980000.00,'2025-06-12 14:09:52'),(44,38,82,2,230000.00,NULL,460000.00,'2025-06-12 14:10:36'),(45,38,85,1,490000.00,NULL,490000.00,'2025-06-12 14:10:36'),(46,38,84,1,1990000.00,NULL,1990000.00,'2025-06-12 14:10:36'),(47,38,62,1,9990000.00,NULL,9990000.00,'2025-06-12 14:10:36'),(48,38,18,1,18500000.00,NULL,18500000.00,'2025-06-12 14:10:36'),(49,39,63,1,21990000.00,NULL,21990000.00,'2025-06-12 14:10:55'),(50,39,62,1,9990000.00,NULL,9990000.00,'2025-06-12 14:10:55'),(51,39,84,2,1990000.00,NULL,3980000.00,'2025-06-12 14:10:55'),(52,40,63,1,21990000.00,NULL,21990000.00,'2025-06-12 14:11:58'),(53,40,62,1,9990000.00,NULL,9990000.00,'2025-06-12 14:11:58'),(54,40,84,2,1990000.00,NULL,3980000.00,'2025-06-12 14:11:58'),(55,41,85,1,490000.00,NULL,490000.00,'2025-06-12 15:32:23'),(56,41,84,3,1990000.00,NULL,5970000.00,'2025-06-12 15:32:23'),(57,41,83,1,250000.00,NULL,250000.00,'2025-06-12 15:32:23'),(58,42,85,1,490000.00,NULL,490000.00,'2025-06-12 15:34:01'),(59,42,84,3,1990000.00,NULL,5970000.00,'2025-06-12 15:34:01'),(60,42,83,1,250000.00,NULL,250000.00,'2025-06-12 15:34:01'),(61,43,83,3,250000.00,NULL,750000.00,'2025-06-12 15:35:46'),(62,43,70,1,180000.00,NULL,180000.00,'2025-06-12 15:35:46'),(63,44,83,3,250000.00,NULL,750000.00,'2025-06-12 15:39:58'),(64,44,70,1,180000.00,NULL,180000.00,'2025-06-12 15:39:58'),(65,45,83,3,250000.00,NULL,750000.00,'2025-06-12 15:40:02'),(66,45,70,1,180000.00,NULL,180000.00,'2025-06-12 15:40:02'),(67,46,83,3,250000.00,NULL,750000.00,'2025-06-12 15:41:06'),(68,46,70,1,180000.00,NULL,180000.00,'2025-06-12 15:41:06'),(69,47,83,3,250000.00,NULL,750000.00,'2025-06-12 15:41:33'),(70,47,70,1,180000.00,NULL,180000.00,'2025-06-12 15:41:33'),(71,48,83,3,250000.00,NULL,750000.00,'2025-06-12 15:42:36'),(72,48,70,1,180000.00,NULL,180000.00,'2025-06-12 15:42:36'),(73,49,83,3,250000.00,NULL,750000.00,'2025-06-12 15:45:51'),(74,49,70,1,180000.00,NULL,180000.00,'2025-06-12 15:45:51'),(75,50,83,3,250000.00,NULL,750000.00,'2025-06-12 15:46:04'),(76,50,70,1,180000.00,NULL,180000.00,'2025-06-12 15:46:04'),(77,51,18,1,18500000.00,NULL,18500000.00,'2025-06-12 15:47:59'),(78,51,43,1,4200000.00,NULL,4200000.00,'2025-06-12 15:47:59'),(79,52,18,1,18500000.00,NULL,18500000.00,'2025-06-12 15:48:12'),(80,52,43,1,4200000.00,NULL,4200000.00,'2025-06-12 15:48:12'),(81,53,18,1,18500000.00,NULL,18500000.00,'2025-06-12 15:49:12'),(82,53,43,1,4200000.00,NULL,4200000.00,'2025-06-12 15:49:12'),(83,54,18,1,18500000.00,NULL,18500000.00,'2025-06-12 15:49:19'),(84,54,43,1,4200000.00,NULL,4200000.00,'2025-06-12 15:49:19'),(85,55,18,1,18500000.00,NULL,18500000.00,'2025-06-12 15:50:08'),(86,55,43,1,4200000.00,NULL,4200000.00,'2025-06-12 15:50:08'),(87,56,18,1,18500000.00,NULL,18500000.00,'2025-06-12 15:50:37'),(88,56,43,1,4200000.00,NULL,4200000.00,'2025-06-12 15:50:37'),(89,57,18,1,18500000.00,NULL,18500000.00,'2025-06-12 15:51:47'),(90,57,43,1,4200000.00,NULL,4200000.00,'2025-06-12 15:51:47'),(91,58,85,1,490000.00,NULL,490000.00,'2025-06-12 15:52:39'),(92,58,84,3,1990000.00,NULL,5970000.00,'2025-06-12 15:52:39'),(93,58,83,1,250000.00,NULL,250000.00,'2025-06-12 15:52:39'),(94,59,85,1,490000.00,NULL,490000.00,'2025-06-12 15:54:38'),(95,59,84,3,1990000.00,NULL,5970000.00,'2025-06-12 15:54:38'),(96,59,83,1,250000.00,NULL,250000.00,'2025-06-12 15:54:38'),(97,60,85,1,490000.00,NULL,490000.00,'2025-06-12 15:54:56'),(98,60,84,3,1990000.00,NULL,5970000.00,'2025-06-12 15:54:56'),(99,60,83,1,250000.00,NULL,250000.00,'2025-06-12 15:54:56'),(100,61,85,1,490000.00,NULL,490000.00,'2025-06-12 15:57:10'),(101,61,84,3,1990000.00,NULL,5970000.00,'2025-06-12 15:57:10'),(102,61,83,1,250000.00,NULL,250000.00,'2025-06-12 15:57:10'),(103,62,85,1,490000.00,NULL,490000.00,'2025-06-12 15:58:35'),(104,62,84,3,1990000.00,NULL,5970000.00,'2025-06-12 15:58:35'),(105,62,83,1,250000.00,NULL,250000.00,'2025-06-12 15:58:35'),(106,63,85,1,490000.00,NULL,490000.00,'2025-06-12 16:00:23'),(107,63,84,3,1990000.00,NULL,5970000.00,'2025-06-12 16:00:23'),(108,63,83,1,250000.00,NULL,250000.00,'2025-06-12 16:00:23'),(109,64,85,1,490000.00,NULL,490000.00,'2025-06-12 16:00:58'),(110,64,84,3,1990000.00,NULL,5970000.00,'2025-06-12 16:00:58'),(111,64,83,1,250000.00,NULL,250000.00,'2025-06-12 16:00:58'),(112,65,85,1,490000.00,NULL,490000.00,'2025-06-12 16:03:30'),(113,65,84,3,1990000.00,NULL,5970000.00,'2025-06-12 16:03:30'),(114,65,83,1,250000.00,NULL,250000.00,'2025-06-12 16:03:30'),(115,66,85,1,490000.00,NULL,490000.00,'2025-06-12 16:03:32'),(116,66,84,3,1990000.00,NULL,5970000.00,'2025-06-12 16:03:32'),(117,66,83,1,250000.00,NULL,250000.00,'2025-06-12 16:03:32'),(118,67,85,1,490000.00,NULL,490000.00,'2025-06-12 16:04:15'),(119,67,84,3,1990000.00,NULL,5970000.00,'2025-06-12 16:04:15'),(120,67,83,1,250000.00,NULL,250000.00,'2025-06-12 16:04:15'),(121,68,83,1,250000.00,NULL,250000.00,'2025-06-12 16:08:01'),(122,69,83,1,250000.00,NULL,250000.00,'2025-06-12 16:09:09'),(123,70,83,1,250000.00,NULL,250000.00,'2025-06-12 16:11:03'),(124,71,83,1,250000.00,NULL,250000.00,'2025-06-12 16:11:06'),(125,72,83,1,250000.00,NULL,250000.00,'2025-06-12 16:11:08'),(126,73,83,1,250000.00,NULL,250000.00,'2025-06-12 16:15:04'),(127,74,83,1,250000.00,NULL,250000.00,'2025-06-12 16:15:07'),(128,75,15,1,3000000.00,NULL,3000000.00,'2025-06-12 16:16:16'),(129,76,15,1,3000000.00,NULL,3000000.00,'2025-06-12 16:21:22'),(130,77,15,1,3000000.00,NULL,3000000.00,'2025-06-12 16:25:20'),(131,78,18,1,18500000.00,NULL,18500000.00,'2025-06-12 16:25:59'),(132,78,43,1,4200000.00,NULL,4200000.00,'2025-06-12 16:25:59'),(133,79,18,1,18500000.00,NULL,18500000.00,'2025-06-12 16:27:43'),(134,79,43,1,4200000.00,NULL,4200000.00,'2025-06-12 16:27:43'),(135,80,18,1,18500000.00,NULL,18500000.00,'2025-06-12 16:27:43'),(136,80,43,1,4200000.00,NULL,4200000.00,'2025-06-12 16:27:43'),(139,82,18,1,18500000.00,NULL,18500000.00,'2025-06-12 16:27:44'),(140,82,43,1,4200000.00,NULL,4200000.00,'2025-06-12 16:27:44'),(141,83,18,1,18500000.00,NULL,18500000.00,'2025-06-12 16:28:50'),(142,83,43,1,4200000.00,NULL,4200000.00,'2025-06-12 16:28:50'),(143,84,18,1,18500000.00,NULL,18500000.00,'2025-06-12 16:29:35'),(144,84,43,1,4200000.00,NULL,4200000.00,'2025-06-12 16:29:35'),(145,85,43,1,4200000.00,NULL,4200000.00,'2025-06-12 16:35:18'),(146,86,15,1,3000000.00,NULL,3000000.00,'2025-06-12 16:35:57'),(147,87,15,1,3000000.00,NULL,3000000.00,'2025-06-12 16:35:58'),(148,88,43,1,4200000.00,NULL,4200000.00,'2025-06-12 16:47:29'),(149,88,83,1,250000.00,NULL,250000.00,'2025-06-12 16:47:29'),(150,89,63,1,21990000.00,NULL,21990000.00,'2025-06-12 16:59:34'),(151,90,43,1,4200000.00,NULL,4200000.00,'2025-06-13 13:11:19'),(152,90,42,1,5900000.00,NULL,5900000.00,'2025-06-13 13:11:19'),(153,91,43,1,4200000.00,NULL,4200000.00,'2025-06-13 13:16:04'),(154,91,42,1,5900000.00,NULL,5900000.00,'2025-06-13 13:16:04'),(155,91,32,1,3100000.00,NULL,3100000.00,'2025-06-13 13:16:04'),(156,92,32,1,3100000.00,NULL,3100000.00,'2025-06-18 06:29:35'),(157,92,82,1,230000.00,NULL,230000.00,'2025-06-18 06:29:35'),(158,92,73,1,210000.00,NULL,210000.00,'2025-06-18 06:29:35'),(159,93,31,2,7700000.00,NULL,15400000.00,'2025-06-18 07:22:01'),(160,94,43,1,4200000.00,NULL,4200000.00,'2025-06-18 07:38:19'),(161,94,42,1,5900000.00,NULL,5900000.00,'2025-06-18 07:38:19'),(164,96,85,1,490000.00,NULL,490000.00,'2025-06-18 09:06:48'),(178,108,85,1,480000.00,NULL,480000.00,'2025-06-19 20:34:52'),(179,109,84,1,1990000.00,NULL,1990000.00,'2025-06-19 20:41:26'),(180,110,84,2,1990000.00,NULL,3980000.00,'2025-06-19 20:46:32'),(181,111,85,1,480000.00,NULL,480000.00,'2025-06-19 23:20:24'),(182,112,85,2,480000.00,NULL,960000.00,'2025-06-19 23:21:03'),(183,113,85,1,480000.00,NULL,480000.00,'2025-06-19 23:46:15'),(186,116,84,2,1990000.00,NULL,3980000.00,'2025-06-20 00:06:44'),(187,117,84,1,1990000.00,NULL,1990000.00,'2025-06-20 00:07:24'),(188,118,84,2,1990000.00,NULL,3980000.00,'2025-06-20 00:14:27');
/*!40000 ALTER TABLE `order_details` ENABLE KEYS */;
UNLOCK TABLES;

--
-- Table structure for table `orders`
--

DROP TABLE IF EXISTS `orders`;
/*!40101 SET @saved_cs_client     = @@character_set_client */;
/*!50503 SET character_set_client = utf8mb4 */;
CREATE TABLE `orders` (
  `id` int NOT NULL AUTO_INCREMENT,
  `order_code` varchar(20) NOT NULL,
  `user_id` int NOT NULL,
  `total_amount` decimal(15,2) NOT NULL,
  `shipping_fee` decimal(15,2) NOT NULL DEFAULT '0.00',
  `discount_amount` decimal(15,2) NOT NULL DEFAULT '0.00',
  `final_amount` decimal(15,2) NOT NULL,
  `status` enum('pending','processing','shipping','completed','cancelled','failed_delivery') DEFAULT 'pending',
  `payment_method` enum('cod','bank_transfer','credit_card') NOT NULL,
  `payment_status` enum('pending','paid','failed','refunded') DEFAULT 'pending',
  `shipping_address` text NOT NULL,
  `shipping_phone` varchar(20) NOT NULL,
  `shipping_name` varchar(255) NOT NULL,
  `note` text,
  `created_at` timestamp NULL DEFAULT CURRENT_TIMESTAMP,
  `updated_at` timestamp NULL DEFAULT CURRENT_TIMESTAMP ON UPDATE CURRENT_TIMESTAMP,
  `payment_transaction_id` int DEFAULT NULL,
  PRIMARY KEY (`id`),
  UNIQUE KEY `order_code` (`order_code`),
  KEY `user_id` (`user_id`),
  KEY `payment_transaction_id` (`payment_transaction_id`),
  CONSTRAINT `orders_ibfk_1` FOREIGN KEY (`user_id`) REFERENCES `users` (`id`),
  CONSTRAINT `orders_ibfk_2` FOREIGN KEY (`payment_transaction_id`) REFERENCES `payment_transactions` (`id`)
) ENGINE=InnoDB AUTO_INCREMENT=119 DEFAULT CHARSET=utf8mb4 COLLATE=utf8mb4_0900_ai_ci;
/*!40101 SET character_set_client = @saved_cs_client */;

--
-- Dumping data for table `orders`
--

LOCK TABLES `orders` WRITE;
/*!40000 ALTER TABLE `orders` DISABLE KEYS */;
INSERT INTO `orders` VALUES (1,'ORD75326171',1,36170000.00,30000.00,0.00,36200000.00,'pending','cod','pending','','','',NULL,'2025-06-11 20:55:26','2025-06-11 20:55:26',NULL),(3,'ORD75359007',1,480000.00,30000.00,0.00,510000.00,'pending','cod','pending','','','',NULL,'2025-06-11 20:55:59','2025-06-11 20:55:59',NULL),(4,'ORD75380118',1,2480000.00,30000.00,0.00,2510000.00,'pending','cod','pending','','','',NULL,'2025-06-11 20:56:20','2025-06-11 20:56:20',NULL),(5,'ORD75531309',1,2570000.00,30000.00,0.00,2600000.00,'pending','cod','pending','','','',NULL,'2025-06-11 20:58:51','2025-06-11 20:58:51',NULL),(6,'ORD75764288',1,15000000.00,30000.00,0.00,15030000.00,'pending','cod','pending','','','',NULL,'2025-06-11 21:02:44','2025-06-11 21:02:44',NULL),(7,'ORD75860444',1,670000.00,30000.00,0.00,700000.00,'pending','cod','pending','','','',NULL,'2025-06-11 21:04:20','2025-06-11 21:04:20',NULL),(8,'ORD75985987',1,980000.00,30000.00,0.00,1010000.00,'pending','cod','pending','','','',NULL,'2025-06-11 21:06:25','2025-06-11 21:06:25',NULL),(9,'ORD76060361',8,720000.00,30000.00,0.00,750000.00,'pending','cod','pending','','','',NULL,'2025-06-11 21:07:40','2025-06-11 21:07:40',NULL),(10,'ORD76153816',1,490000.00,30000.00,0.00,520000.00,'pending','cod','pending','','','',NULL,'2025-06-11 21:09:13','2025-06-11 21:09:13',NULL),(11,'ORD76249865',8,980000.00,30000.00,0.00,1010000.00,'pending','cod','pending','','','',NULL,'2025-06-11 21:10:49','2025-06-11 21:10:49',NULL),(12,'ORD76268292',8,500000.00,30000.00,0.00,530000.00,'pending','cod','pending','','','',NULL,'2025-06-11 21:11:08','2025-06-11 21:11:08',NULL),(13,'ORD76323664',8,980000.00,30000.00,0.00,1010000.00,'pending','cod','pending','','','',NULL,'2025-06-11 21:12:03','2025-06-11 21:12:03',NULL),(14,'ORD76338262',8,980000.00,30000.00,0.00,1010000.00,'pending','cod','pending','','','',NULL,'2025-06-11 21:12:18','2025-06-11 21:12:18',NULL),(15,'ORD76455239',8,4470000.00,30000.00,0.00,4500000.00,'pending','cod','pending','','','',NULL,'2025-06-11 21:14:15','2025-06-11 21:14:15',NULL),(16,'ORD76482000',1,230000.00,30000.00,0.00,260000.00,'pending','cod','pending','','','',NULL,'2025-06-11 21:14:42','2025-06-11 21:14:42',NULL),(17,'ORD76579646',1,250000.00,30000.00,0.00,280000.00,'pending','cod','pending','','','',NULL,'2025-06-11 21:16:19','2025-06-11 21:16:19',NULL),(18,'ORD76740997',1,3980000.00,30000.00,0.00,4010000.00,'pending','cod','pending','','','',NULL,'2025-06-11 21:19:00','2025-06-11 21:19:00',NULL),(19,'ORD76836784',1,3980000.00,30000.00,0.00,4010000.00,'pending','cod','pending','','','',NULL,'2025-06-11 21:20:36','2025-06-11 21:20:36',NULL),(20,'ORD76930143',1,980000.00,30000.00,0.00,1010000.00,'pending','cod','pending','','','',NULL,'2025-06-11 21:22:10','2025-06-11 21:22:10',NULL),(21,'ORD76954805',1,250000.00,30000.00,0.00,280000.00,'pending','cod','pending','','','',NULL,'2025-06-11 21:22:34','2025-06-11 21:22:34',NULL),(22,'ORD77022419',1,490000.00,30000.00,0.00,520000.00,'pending','cod','pending','','','',NULL,'2025-06-11 21:23:42','2025-06-11 21:23:42',NULL),(23,'ORD77041883',1,250000.00,30000.00,0.00,280000.00,'pending','cod','pending','','','',NULL,'2025-06-11 21:24:01','2025-06-11 21:24:01',NULL),(24,'ORD77630858',1,1460000.00,30000.00,0.00,1490000.00,'pending','cod','pending','','','',NULL,'2025-06-11 21:33:50','2025-06-11 21:33:50',NULL),(25,'ORD8787517',1,0.00,30000.00,0.00,30000.00,'pending','cod','pending','aaa vvvv bbbb nnn nmm ggg dd ','112323123123','DINH VAN HUN',NULL,'2025-06-12 13:49:02','2025-06-12 13:49:02',NULL),(26,'ORD51712685',1,0.00,30000.00,0.00,30000.00,'pending','cod','pending','aaa vvvv bbbb nnn nmm ggg dd ','112323123123','DINH VAN HUN',NULL,'2025-06-12 13:49:19','2025-06-12 13:49:19',NULL),(27,'ORD35077917',1,0.00,30000.00,0.00,30000.00,'pending','cod','pending','aaa vvvv bbbb nnn nmm ggg dd ','112323123123','DINH VAN HUN',NULL,'2025-06-12 13:52:19','2025-06-12 13:52:19',NULL),(28,'ORD74555597',1,0.00,30000.00,0.00,30000.00,'pending','cod','pending','aaa vvvv bbbb nnn nmm ggg dd ','112323123123','DINH VAN HUN',NULL,'2025-06-12 13:52:30','2025-06-12 13:52:30',NULL),(29,'ORD11316467',1,0.00,30000.00,0.00,30000.00,'pending','cod','pending','aaa vvvv bbbb nnn nmm ggg dd ','112323123123','DINH VAN HUN',NULL,'2025-06-12 13:54:23','2025-06-12 13:54:23',NULL),(30,'ORD93660512',1,0.00,30000.00,0.00,30000.00,'pending','cod','pending','aaa vvvv bbbb nnn nmm ggg dd ','112323123123','DINH VAN HUN',NULL,'2025-06-12 14:00:30','2025-06-12 14:00:30',NULL),(31,'ORD72626260',1,0.00,30000.00,0.00,30000.00,'pending','cod','pending','aaa vvvv bbbb nnn nmm ggg dd ','112323123123','DINH VAN HUN',NULL,'2025-06-12 14:00:39','2025-06-12 14:00:39',NULL),(32,'ORD8163538',1,0.00,30000.00,0.00,30000.00,'pending','cod','pending','aaa vvvv bbbb nnn nmm ggg dd ','112323123123','DINH VAN HUN',NULL,'2025-06-12 14:01:57','2025-06-12 14:01:57',NULL),(33,'ORD7684346',1,0.00,30000.00,0.00,30000.00,'pending','cod','pending','aaa vvvv bbbb nnn nmm ggg dd ','112323123123','DINH VAN HUN',NULL,'2025-06-12 14:02:01','2025-06-12 14:02:01',NULL),(34,'ORD11399818',1,0.00,30000.00,0.00,30000.00,'pending','cod','pending','aaa vvvv bbbb nnn nmm ggg dd ','112323123123','DINH VAN HUN',NULL,'2025-06-12 14:03:05','2025-06-12 14:03:05',NULL),(35,'ORD94061410',1,0.00,30000.00,0.00,30000.00,'pending','cod','pending','aaa vvvv bbbb nnn nmm ggg dd ','112323123123','DINH VAN HUN',NULL,'2025-06-12 14:07:33','2025-06-12 14:07:33',NULL),(36,'ORD35455342',1,35960000.00,30000.00,0.00,35990000.00,'pending','cod','pending','aaa vvvv bbbb nnn nmm ggg dd ','112323123123','DINH VAN HUN',NULL,'2025-06-12 14:09:49','2025-06-12 14:09:49',NULL),(37,'ORD59737887',1,35960000.00,30000.00,0.00,35990000.00,'pending','cod','pending','aaa vvvv bbbb nnn nmm ggg dd ','112323123123','DINH VAN HUN',NULL,'2025-06-12 14:09:52','2025-06-12 14:09:52',NULL),(38,'ORD7468471',1,31430000.00,30000.00,0.00,31460000.00,'pending','cod','pending','aaa vvvv bbbb nnn nmm ggg dd ','112323123123','DINH VAN HUN',NULL,'2025-06-12 14:10:36','2025-06-12 14:10:36',NULL),(39,'ORD43113576',1,35960000.00,30000.00,0.00,35990000.00,'pending','cod','pending','aaa vvvv bbbb nnn nmm ggg dd ','112323123123','DINH VAN HUN',NULL,'2025-06-12 14:10:55','2025-06-12 14:10:55',NULL),(40,'ORD92291600',1,35960000.00,30000.00,0.00,35990000.00,'pending','cod','pending','aaa vvvv bbbb nnn nmm ggg dd ','112323123123','DINH VAN HUN',NULL,'2025-06-12 14:11:58','2025-06-12 14:11:58',NULL),(41,'ORD21632172',1,6710000.00,30000.00,0.00,6740000.00,'pending','cod','pending','11','1','Dinh Van Hung',NULL,'2025-06-12 15:32:23','2025-06-12 15:32:23',NULL),(42,'ORD47557342',8,6710000.00,30000.00,0.00,6740000.00,'pending','cod','pending','thit cho mam tom','thitj cho mam tom','Dinh Van Hung',NULL,'2025-06-12 15:34:01','2025-06-12 15:34:01',NULL),(43,'ORD36512152',1,930000.00,30000.00,0.00,960000.00,'pending','cod','pending','11','1','Dinh Van Hung',NULL,'2025-06-12 15:35:46','2025-06-12 15:35:46',NULL),(44,'ORD82143992',1,930000.00,30000.00,0.00,960000.00,'pending','cod','pending','11','1','Dinh Van Hung',NULL,'2025-06-12 15:39:58','2025-06-12 15:39:58',NULL),(45,'ORD72902133',1,930000.00,30000.00,0.00,960000.00,'pending','cod','pending','11','1','Dinh Van Hung',NULL,'2025-06-12 15:40:02','2025-06-12 15:40:02',NULL),(46,'ORD69536445',1,930000.00,30000.00,0.00,960000.00,'pending','cod','pending','11','1','Dinh Van Hung',NULL,'2025-06-12 15:41:06','2025-06-12 15:41:06',NULL),(47,'ORD91966879',1,930000.00,30000.00,0.00,960000.00,'pending','cod','pending','11','1','Dinh Van Hung',NULL,'2025-06-12 15:41:33','2025-06-12 15:41:33',NULL),(48,'ORD54749211',1,930000.00,30000.00,0.00,960000.00,'pending','cod','pending','11','1','Dinh Van Hung',NULL,'2025-06-12 15:42:36','2025-06-12 15:42:36',NULL),(49,'ORD70543847',1,930000.00,30000.00,0.00,960000.00,'pending','cod','pending','11','1','Dinh Van Hung',NULL,'2025-06-12 15:45:51','2025-06-12 15:45:51',NULL),(50,'ORD92854736',1,930000.00,30000.00,0.00,960000.00,'pending','bank_transfer','pending','11','1','Dinh Van Hung',NULL,'2025-06-12 15:46:04','2025-06-12 15:46:04',NULL),(51,'ORD66467606',1,22700000.00,30000.00,0.00,22730000.00,'pending','credit_card','pending','11','1','Dinh Van Hung',NULL,'2025-06-12 15:47:59','2025-06-12 15:47:59',NULL),(52,'ORD58739910',1,22700000.00,30000.00,0.00,22730000.00,'pending','cod','pending','11','1','Dinh Van Hung',NULL,'2025-06-12 15:48:12','2025-06-12 15:48:12',NULL),(53,'ORD31423704',1,22700000.00,30000.00,0.00,22730000.00,'pending','cod','pending','11','1','Dinh Van Hung',NULL,'2025-06-12 15:49:12','2025-06-12 15:49:12',NULL),(54,'ORD77624058',1,22700000.00,30000.00,0.00,22730000.00,'pending','bank_transfer','pending','11','1','Dinh Van Hung',NULL,'2025-06-12 15:49:19','2025-06-12 15:49:19',NULL),(55,'ORD12104803',1,22700000.00,30000.00,0.00,22730000.00,'pending','cod','pending','11','1','Dinh Van Hung',NULL,'2025-06-12 15:50:08','2025-06-12 15:50:08',NULL),(56,'ORD32595187',1,22700000.00,30000.00,0.00,22730000.00,'pending','cod','pending','THON ba','1234556677889','Dinh Van Hung',NULL,'2025-06-12 15:50:37','2025-06-12 15:50:37',NULL),(57,'ORD72305023',1,22700000.00,30000.00,0.00,22730000.00,'pending','bank_transfer','pending','THON ba','1234556677889','Dinh Van Hung',NULL,'2025-06-12 15:51:47','2025-06-12 15:51:47',NULL),(58,'ORD71252677',8,6710000.00,30000.00,0.00,6740000.00,'pending','cod','pending','thit cho mam tom','thitj cho mam tom','Dinh Van Hung',NULL,'2025-06-12 15:52:39','2025-06-12 15:52:39',NULL),(59,'ORD38687681',8,6710000.00,30000.00,0.00,6740000.00,'pending','cod','pending','thit cho mam tom','thitj cho mam tom','Dinh Van Hung',NULL,'2025-06-12 15:54:38','2025-06-12 15:54:38',NULL),(60,'ORD16325700',1,6710000.00,30000.00,0.00,6740000.00,'pending','cod','pending','THON ba','1234556677889','Dinh Van Hung',NULL,'2025-06-12 15:54:56','2025-06-12 15:54:56',NULL),(61,'ORD21454518',1,6710000.00,30000.00,0.00,6740000.00,'pending','bank_transfer','pending','THON ba','1234556677889','Dinh Van Hung',NULL,'2025-06-12 15:57:10','2025-06-12 15:57:10',NULL),(62,'ORD4869795',1,6710000.00,30000.00,0.00,6740000.00,'pending','bank_transfer','pending','THON ba','1234556677889','Dinh Van Hung',NULL,'2025-06-12 15:58:35','2025-06-12 15:58:35',NULL),(63,'ORD98785457',1,6710000.00,30000.00,0.00,6740000.00,'pending','cod','pending','THON ba','1234556677889','Dinh Van Hung',NULL,'2025-06-12 16:00:23','2025-06-12 16:00:23',NULL),(64,'ORD28432568',1,6710000.00,30000.00,0.00,6740000.00,'pending','credit_card','pending','THON ba','1234556677889','Dinh Van Hung',NULL,'2025-06-12 16:00:58','2025-06-12 16:00:58',NULL),(65,'ORD57828260',1,6710000.00,30000.00,0.00,6740000.00,'pending','cod','pending','THON ba','1234556677889','Dinh Van Hung',NULL,'2025-06-12 16:03:30','2025-06-12 16:03:30',NULL),(66,'ORD67662733',1,6710000.00,30000.00,0.00,6740000.00,'pending','cod','pending','THON ba','1234556677889','Dinh Van Hung',NULL,'2025-06-12 16:03:32','2025-06-12 16:03:32',NULL),(67,'ORD15757800',1,6710000.00,30000.00,0.00,6740000.00,'pending','cod','pending','THON ba','1234556677889','Dinh Van Hung',NULL,'2025-06-12 16:04:15','2025-06-12 16:04:15',NULL),(68,'ORD9672375',1,250000.00,30000.00,0.00,280000.00,'pending','cod','pending','THON ba bon nam sau bay','02292929292','Dinh Van Hung',NULL,'2025-06-12 16:08:01','2025-06-12 16:08:01',NULL),(69,'ORD4518082',1,250000.00,30000.00,0.00,280000.00,'pending','cod','pending','THON ba bon nam sau bay','02292929292','Dinh Van Hung',NULL,'2025-06-12 16:09:09','2025-06-12 16:09:09',NULL),(70,'ORD5154956',1,250000.00,30000.00,0.00,280000.00,'pending','cod','pending','THON ba bon nam sau bay','02292929292','Dinh Van Hung',NULL,'2025-06-12 16:11:03','2025-06-12 16:11:03',NULL),(71,'ORD75905511',1,250000.00,30000.00,0.00,280000.00,'pending','cod','pending','THON ba bon nam sau bay','02292929292','Dinh Van Hung',NULL,'2025-06-12 16:11:06','2025-06-12 16:11:06',NULL),(72,'ORD69237452',1,250000.00,30000.00,0.00,280000.00,'pending','credit_card','pending','THON ba bon nam sau bay','02292929292','Dinh Van Hung',NULL,'2025-06-12 16:11:08','2025-06-12 16:11:08',NULL),(73,'ORD65337941',1,250000.00,30000.00,0.00,280000.00,'pending','cod','pending','THON ba bon nam sau bay','02292929292','Dinh Van Hung',NULL,'2025-06-12 16:15:04','2025-06-12 16:15:04',NULL),(74,'ORD39979272',1,250000.00,30000.00,0.00,280000.00,'pending','cod','pending','THON ba bon nam sau bay','02292929292','Dinh Van Hung',NULL,'2025-06-12 16:15:07','2025-06-12 16:15:07',NULL),(75,'ORD33554167',1,3000000.00,30000.00,0.00,3030000.00,'pending','cod','pending','THON ba bon nam sau bay','02292929292','Dinh Van Hung',NULL,'2025-06-12 16:16:16','2025-06-12 16:16:16',NULL),(76,'ORD61939378',1,3000000.00,30000.00,0.00,3030000.00,'pending','bank_transfer','pending','THON ba bon nam sau bay','02292929292','Dinh Van Hung',NULL,'2025-06-12 16:21:22','2025-06-12 16:21:22',NULL),(77,'ORD44100031',1,3000000.00,30000.00,0.00,3030000.00,'pending','cod','pending','THON ba bon nam sau bay','02292929292','Dinh Van Hung',NULL,'2025-06-12 16:25:20','2025-06-12 16:25:20',NULL),(78,'ORD30720769',1,22700000.00,30000.00,0.00,22730000.00,'pending','cod','pending','THON ba bon nam sau bay','02292929292','Dinh Van Hung',NULL,'2025-06-12 16:25:59','2025-06-12 16:25:59',NULL),(79,'ORD52887516',1,22700000.00,30000.00,0.00,22730000.00,'pending','cod','pending','THON ba bon nam sau bay','02292929292','Dinh Van Hung',NULL,'2025-06-12 16:27:43','2025-06-12 16:27:43',NULL),(80,'ORD40868194',1,22700000.00,30000.00,0.00,22730000.00,'pending','cod','pending','THON ba bon nam sau bay','02292929292','Dinh Van Hung',NULL,'2025-06-12 16:27:43','2025-06-12 16:27:43',NULL),(81,'ORD39533609',1,22700000.00,30000.00,0.00,22730000.00,'processing','cod','pending','THON ba bon nam sau bay','02292929292','Dinh Van Hung',NULL,'2025-06-12 16:27:44','2025-06-19 17:37:44',NULL),(82,'ORD24073674',1,22700000.00,30000.00,0.00,22730000.00,'processing','cod','pending','THON ba bon nam sau bay','02292929292','Dinh Van Hung',NULL,'2025-06-12 16:27:44','2025-06-19 22:59:06',NULL),(83,'ORD83192343',1,22700000.00,30000.00,0.00,22730000.00,'pending','cod','pending','THON ba bon nam sau bay','02292929292','Dinh Van Hung',NULL,'2025-06-12 16:28:50','2025-06-12 16:28:50',NULL),(84,'ORD72133580',1,22700000.00,30000.00,0.00,22730000.00,'pending','cod','pending','THON ba bon nam sau bay','02292929292','Dinh Van Hung',NULL,'2025-06-12 16:29:35','2025-06-12 16:29:35',NULL),(85,'ORD83324047',1,4200000.00,30000.00,0.00,4230000.00,'pending','cod','pending','THON ba bon nam sau bay','02292929292','Dinh Van Hung',NULL,'2025-06-12 16:35:18','2025-06-12 16:35:18',NULL),(86,'ORD98312650',1,3000000.00,30000.00,0.00,3030000.00,'pending','cod','pending','THON ba bon nam sau bay','02292929292','Dinh Van Hung',NULL,'2025-06-12 16:35:57','2025-06-12 16:35:57',NULL),(87,'ORD24347551',1,3000000.00,30000.00,0.00,3030000.00,'processing','cod','pending','THON ba bon nam sau bay','02292929292','Dinh Van Hung',NULL,'2025-06-12 16:35:58','2025-06-19 23:59:06',NULL),(88,'ORD97566659',1,4450000.00,30000.00,0.00,4480000.00,'completed','cod','pending','THON ba bon nam sau bay','02292929292','Dinh Van Hung',NULL,'2025-06-12 16:47:29','2025-06-19 23:08:20',NULL),(89,'ORD44597378',1,21990000.00,30000.00,0.00,22020000.00,'completed','bank_transfer','pending','thôn 3 đliêyang','99 99 99 99 ','Hung Dinh Van',NULL,'2025-06-12 16:59:34','2025-06-19 23:04:48',NULL),(90,'ORD19928512',9,10100000.00,30000.00,0.00,10130000.00,'processing','cod','pending','điện korin','1 2 3 ','hung',NULL,'2025-06-13 13:11:19','2025-06-19 23:03:32',NULL),(91,'ORD26602925',9,13200000.00,30000.00,0.00,13230000.00,'completed','cod','pending','điện korin','1 2 3 ','hung',NULL,'2025-06-13 13:16:04','2025-06-19 23:00:24',NULL),(92,'ORD92677392',1,3540000.00,30000.00,0.00,3570000.00,'cancelled','cod','pending','Điện Korin','99 99 99 99 ','Hung Dinh Van',NULL,'2025-06-18 06:29:35','2025-06-19 21:48:54',NULL),(93,'ORD50889306',1,15400000.00,30000.00,0.00,15430000.00,'processing','cod','pending','nhà nobita','123456789','Doraemon',NULL,'2025-06-18 07:22:01','2025-06-18 08:03:51',NULL),(94,'ORD61910134',1,10100000.00,30000.00,0.00,10130000.00,'processing','cod','pending','nhà nobita','123456789','Doraemon',NULL,'2025-06-18 07:38:19','2025-06-18 07:49:30',NULL),(96,'ORD58614527',1,490000.00,30000.00,0.00,520000.00,'completed','cod','pending','nhà nobita','123456789','Doraemon',NULL,'2025-06-18 09:06:48','2025-06-19 22:59:26',NULL),(108,'ORD15240006',1,480000.00,30000.00,0.00,510000.00,'completed','cod','pending','nhà nobita','123456789','Doraemon',NULL,'2025-06-19 20:34:52','2025-06-19 22:58:23',NULL),(109,'ORD36755172',1,1990000.00,30000.00,0.00,2020000.00,'completed','cod','pending','nhà nobita','123456789','Doraemon',NULL,'2025-06-19 20:41:26','2025-06-19 22:55:23',NULL),(110,'ORD64422155',1,3980000.00,30000.00,0.00,4010000.00,'cancelled','cod','pending','nhà nobita','123456789','Doraemon',NULL,'2025-06-19 20:46:32','2025-06-19 20:46:47',NULL),(111,'ORD35897353',1,480000.00,30000.00,0.00,510000.00,'cancelled','cod','pending','nhà nobita','123456789','Doraemon',NULL,'2025-06-19 23:20:24','2025-06-19 23:20:52',NULL),(112,'ORD629154',1,960000.00,30000.00,0.00,990000.00,'processing','cod','pending','nhà nobita','123456789','Doraemon',NULL,'2025-06-19 23:21:03','2025-06-19 23:21:14',NULL),(113,'ORD52265260',1,480000.00,30000.00,0.00,510000.00,'cancelled','cod','pending','nhà nobita','123456789','Doraemon',NULL,'2025-06-19 23:46:15','2025-06-19 23:46:42',NULL),(116,'ORD62416157',10,3980000.00,30000.00,0.00,4010000.00,'pending','cod','pending','nhà nôbita','00000','Nobita',NULL,'2025-06-20 00:06:44','2025-06-20 00:06:44',NULL),(117,'ORD47675567',1,1990000.00,30000.00,0.00,2020000.00,'cancelled','cod','pending','nhà nobita','123456789','Doraemon',NULL,'2025-06-20 00:07:24','2025-06-20 00:07:38',NULL),(118,'ORD25404341',1,3980000.00,30000.00,0.00,4010000.00,'completed','cod','pending','nhà nobita','123456789','Doraemon',NULL,'2025-06-20 00:14:27','2025-06-20 00:15:03',NULL);
/*!40000 ALTER TABLE `orders` ENABLE KEYS */;
UNLOCK TABLES;

--
-- Table structure for table `payment_methods`
--

DROP TABLE IF EXISTS `payment_methods`;
/*!40101 SET @saved_cs_client     = @@character_set_client */;
/*!50503 SET character_set_client = utf8mb4 */;
CREATE TABLE `payment_methods` (
  `id` int NOT NULL AUTO_INCREMENT,
  `name` varchar(50) NOT NULL,
  `code` varchar(20) NOT NULL,
  `description` text,
  `is_active` tinyint(1) DEFAULT '1',
  `created_at` timestamp NULL DEFAULT CURRENT_TIMESTAMP,
  PRIMARY KEY (`id`),
  UNIQUE KEY `code` (`code`)
) ENGINE=InnoDB AUTO_INCREMENT=4 DEFAULT CHARSET=utf8mb4 COLLATE=utf8mb4_0900_ai_ci;
/*!40101 SET character_set_client = @saved_cs_client */;

--
-- Dumping data for table `payment_methods`
--

LOCK TABLES `payment_methods` WRITE;
/*!40000 ALTER TABLE `payment_methods` DISABLE KEYS */;
INSERT INTO `payment_methods` VALUES (1,'Thanh toán khi nhận hàng','COD','Thanh toán tiền mặt khi nhận hàng',1,'2025-06-11 19:53:33'),(2,'Thẻ tín dụng/ghi nợ','CARD','Thanh toán qua thẻ tín dụng hoặc thẻ ghi nợ',1,'2025-06-11 19:53:33'),(3,'Chuyển khoản ngân hàng','BANK_TRANSFER','Chuyển khoản qua ngân hàng',1,'2025-06-11 19:53:33');
/*!40000 ALTER TABLE `payment_methods` ENABLE KEYS */;
UNLOCK TABLES;

--
-- Table structure for table `payment_transactions`
--

DROP TABLE IF EXISTS `payment_transactions`;
/*!40101 SET @saved_cs_client     = @@character_set_client */;
/*!50503 SET character_set_client = utf8mb4 */;
CREATE TABLE `payment_transactions` (
  `id` int NOT NULL AUTO_INCREMENT,
  `order_id` int NOT NULL,
  `transaction_code` varchar(50) DEFAULT NULL,
  `amount` decimal(15,2) NOT NULL,
  `payment_method` enum('cod','bank_transfer','credit_card') NOT NULL,
  `status` enum('pending','success','failed') DEFAULT 'pending',
  `payment_details` json DEFAULT NULL,
  `created_at` timestamp NULL DEFAULT CURRENT_TIMESTAMP,
  `updated_at` timestamp NULL DEFAULT CURRENT_TIMESTAMP ON UPDATE CURRENT_TIMESTAMP,
  PRIMARY KEY (`id`),
  KEY `order_id` (`order_id`),
  CONSTRAINT `payment_transactions_ibfk_1` FOREIGN KEY (`order_id`) REFERENCES `orders` (`id`)
) ENGINE=InnoDB DEFAULT CHARSET=utf8mb4 COLLATE=utf8mb4_0900_ai_ci;
/*!40101 SET character_set_client = @saved_cs_client */;

--
-- Dumping data for table `payment_transactions`
--

LOCK TABLES `payment_transactions` WRITE;
/*!40000 ALTER TABLE `payment_transactions` DISABLE KEYS */;
/*!40000 ALTER TABLE `payment_transactions` ENABLE KEYS */;
UNLOCK TABLES;

--
-- Table structure for table `permissions`
--

DROP TABLE IF EXISTS `permissions`;
/*!40101 SET @saved_cs_client     = @@character_set_client */;
/*!50503 SET character_set_client = utf8mb4 */;
CREATE TABLE `permissions` (
  `id` int NOT NULL AUTO_INCREMENT,
  `name` varchar(100) NOT NULL,
  `description` text,
  `created_at` timestamp NULL DEFAULT CURRENT_TIMESTAMP,
  PRIMARY KEY (`id`),
  UNIQUE KEY `name` (`name`)
) ENGINE=InnoDB AUTO_INCREMENT=10 DEFAULT CHARSET=utf8mb4 COLLATE=utf8mb4_0900_ai_ci;
/*!40101 SET character_set_client = @saved_cs_client */;

--
-- Dumping data for table `permissions`
--

LOCK TABLES `permissions` WRITE;
/*!40000 ALTER TABLE `permissions` DISABLE KEYS */;
INSERT INTO `permissions` VALUES (1,'view_products','Xem sản phẩm','2025-06-19 17:27:18'),(2,'manage_products','Quản lý sản phẩm','2025-06-19 17:27:18'),(3,'view_orders','Xem đơn hàng','2025-06-19 17:27:18'),(4,'manage_orders','Quản lý đơn hàng','2025-06-19 17:27:18'),(5,'view_users','Xem người dùng','2025-06-19 17:27:18'),(6,'manage_users','Quản lý người dùng','2025-06-19 17:27:18'),(7,'view_roles','Xem vai trò','2025-06-19 17:27:18'),(8,'manage_roles','Quản lý vai trò','2025-06-19 17:27:18'),(9,'system_settings','Cài đặt hệ thống','2025-06-19 17:27:18');
/*!40000 ALTER TABLE `permissions` ENABLE KEYS */;
UNLOCK TABLES;

--
-- Table structure for table `product_promotions`
--

DROP TABLE IF EXISTS `product_promotions`;
/*!40101 SET @saved_cs_client     = @@character_set_client */;
/*!50503 SET character_set_client = utf8mb4 */;
CREATE TABLE `product_promotions` (
  `product_id` int NOT NULL,
  `promotion_id` int NOT NULL,
  PRIMARY KEY (`product_id`,`promotion_id`),
  KEY `promotion_id` (`promotion_id`),
  CONSTRAINT `product_promotions_ibfk_1` FOREIGN KEY (`product_id`) REFERENCES `products` (`id`),
  CONSTRAINT `product_promotions_ibfk_2` FOREIGN KEY (`promotion_id`) REFERENCES `promotions` (`id`)
) ENGINE=InnoDB DEFAULT CHARSET=utf8mb4 COLLATE=utf8mb4_0900_ai_ci;
/*!40101 SET character_set_client = @saved_cs_client */;

--
-- Dumping data for table `product_promotions`
--

LOCK TABLES `product_promotions` WRITE;
/*!40000 ALTER TABLE `product_promotions` DISABLE KEYS */;
/*!40000 ALTER TABLE `product_promotions` ENABLE KEYS */;
UNLOCK TABLES;

--
-- Table structure for table `product_reviews`
--

DROP TABLE IF EXISTS `product_reviews`;
/*!40101 SET @saved_cs_client     = @@character_set_client */;
/*!50503 SET character_set_client = utf8mb4 */;
CREATE TABLE `product_reviews` (
  `id` int NOT NULL AUTO_INCREMENT,
  `product_id` int NOT NULL,
  `user_id` int NOT NULL,
  `rating` int NOT NULL,
  `comment` text,
  `status` enum('pending','approved','rejected') DEFAULT 'pending',
  `created_at` timestamp NULL DEFAULT CURRENT_TIMESTAMP,
  PRIMARY KEY (`id`),
  KEY `product_id` (`product_id`),
  KEY `user_id` (`user_id`),
  CONSTRAINT `product_reviews_ibfk_1` FOREIGN KEY (`product_id`) REFERENCES `products` (`id`),
  CONSTRAINT `product_reviews_ibfk_2` FOREIGN KEY (`user_id`) REFERENCES `users` (`id`)
) ENGINE=InnoDB DEFAULT CHARSET=utf8mb4 COLLATE=utf8mb4_0900_ai_ci;
/*!40101 SET character_set_client = @saved_cs_client */;

--
-- Dumping data for table `product_reviews`
--

LOCK TABLES `product_reviews` WRITE;
/*!40000 ALTER TABLE `product_reviews` DISABLE KEYS */;
/*!40000 ALTER TABLE `product_reviews` ENABLE KEYS */;
UNLOCK TABLES;

--
-- Table structure for table `products`
--

DROP TABLE IF EXISTS `products`;
/*!40101 SET @saved_cs_client     = @@character_set_client */;
/*!50503 SET character_set_client = utf8mb4 */;
CREATE TABLE `products` (
  `id` int NOT NULL AUTO_INCREMENT,
  `name` varchar(255) NOT NULL,
  `brand` varchar(255) NOT NULL,
  `price` decimal(15,2) NOT NULL,
  `warranty` varchar(50) DEFAULT NULL,
  `description` text,
  `category` varchar(50) DEFAULT NULL,
  `images` text,
  `specifications` text,
  `inventory` int DEFAULT '0',
  `min_inventory` int DEFAULT '5',
  `max_inventory` int DEFAULT '100',
  `quantity_sold` int DEFAULT '0',
  PRIMARY KEY (`id`)
) ENGINE=InnoDB AUTO_INCREMENT=87 DEFAULT CHARSET=utf8mb4 COLLATE=utf8mb4_0900_ai_ci;
/*!40101 SET character_set_client = @saved_cs_client */;

--
-- Dumping data for table `products`
--

LOCK TABLES `products` WRITE;
/*!40000 ALTER TABLE `products` DISABLE KEYS */;
INSERT INTO `products` VALUES (1,'SONY MDR Z1R','SONY',6000000.00,'24 tháng','<p>HD 800 S là tai nghe flagship của Sennheiser, kế thừa những đặc tính của HD 800 và cải tiến hơn nữa về chi tiết âm thanh. Với công nghệ hấp thụ sóng âm độc quyền hạn chế hiện tượng cộng hưởng tần số cao, HD 800 S mang đến trải nghiệm nghe nhạc đỉnh cao.</p><p>Thiết kế open-back mang đến không gian âm thanh rộng mở, driver Ring Radiator 56mm độc quyền cho độ chi tiết cao và khả năng tái tạo dải tần số cực rộng từ 4Hz - 51kHz.</p>','headphone','[\"./images/3K IMG/HEADPHONE/SONY/mz1r1.jpg\", \"./images/3K IMG/HEADPHONE/SONY/mz1r2.jpg\", \"./images/3K IMG/HEADPHONE/SONY/mz1r3.jpg.jpg\"]','[\"Tai nghe Over-ear cao cấp với thiết kế Open-back\", \"Đi kèm 2 dây tháo rời đầu cắm 6.3mm và 4.4mm\", \"Driver: 56mm Ring Radiator Dynamic\", \"Trở kháng: 300 Ω\", \"Độ nhạy: 102 dB (1 V)\", \"Tần số đáp ứng: 4 Hz - 51,000 Hz\", \"Trọng lượng: 330 g\", \"Sản xuất tại Ireland\"]',0,5,100,0),(2,'Sennheiser HD 800 S','SENNHEISER',39999000.00,'24 tháng','<p>HD 800 S là tai nghe flagship của Sennheiser, kế thừa những đặc tính của HD 800 và cải tiến hơn nữa về chi tiết âm thanh. Với công nghệ hấp thụ sóng âm độc quyền hạn chế hiện tượng cộng hưởng tần số cao, HD 800 S mang đến trải nghiệm nghe nhạc đỉnh cao.</p><p>Thiết kế open-back mang đến không gian âm thanh rộng mở, driver Ring Radiator 56mm độc quyền cho độ chi tiết cao và khả năng tái tạo dải tần số cực rộng từ 4Hz - 51kHz.</p>','headphone','[\"./images/3K IMG/HEADPHONE/Sennheiser/HD800S1.jpg\", \"./images/3K IMG/HEADPHONE/Sennheiser/HD800S2.jpg\", \"./images/3K IMG/HEADPHONE/Sennheiser/HD800S3.jpg\"]','[\"Tai nghe Over-ear cao cấp với thiết kế Open-back\", \"Đi kèm 2 dây tháo rời đầu cắm 6.3mm và 4.4mm\", \"Driver: 56mm Ring Radiator Dynamic\", \"Trở kháng: 300 Ω\", \"Độ nhạy: 102 dB (1 V)\", \"Tần số đáp ứng: 4 Hz - 51,000 Hz\", \"Trọng lượng: 330 g\", \"Sản xuất tại Ireland\"]',0,5,100,0),(3,'Sennheiser MMT Wireless','SENNHEISER',10990000.00,'24 tháng',NULL,'headphone','[\"./images/3K IMG/HEADPHONE/Sennheiser/MW1.jpg\", \"./images/3K IMG/HEADPHONE/Sennheiser/MW2.jpg\", \"./images/3K IMG/HEADPHONE/Sennheiser/MW3.jpg\"]','[\"Bluetooth: 5.0\", \"Codec: SBC, AAC, aptX, aptX HD, aptX LL\", \"Thời lượng pin: ~17h\", \"Chống ồn chủ động\", \"Kết nối 2 thiết bị cùng lúc nhờ tính năng Multipoint\", \"Headband và earpad được bọc da thật\", \"Đi kèm 3 dây cáp (3.5mm, 4.4mm, 2.5mm)\", \"Vỏ kim loại AMORF ZR01 in 3D\"]',0,5,100,0),(4,'Sennheiser IE 600','SENNHEISER',16990000.00,'24 tháng',NULL,'headphone','[\"./images/3K IMG/HEADPHONE/Sennheiser/ie600-1.jpg\", \"./images/3K IMG/HEADPHONE/Sennheiser/ie600-2.jpg\", \"./images/3K IMG/HEADPHONE/Sennheiser/ie600-3.jpg\"]','[\"Tai nghe In-ear Monitor cao cấp\", \"Driver: 7mm True Response Transducer Dynamic\", \"Trở kháng: 18 Ω\", \"Độ nhạy: 118 dB (1 kHz, 1 Vrms)\", \"Tần số đáp ứng: 4 Hz - 46,500 Hz\", \"Trọng lượng: 6 g (không dây)\", \"Đi kèm 3 dây cáp (3.5mm, 4.4mm, 2.5mm)\", \"Vỏ kim loại AMORF ZR01 in 3D\"]',0,5,100,0),(5,'FiiO M23','FIIO',3000000.00,'12 tháng','<p>FiiO M23 là một DAP tầm trung mạnh mẽ từ FiiO, mang đến chất lượng âm thanh cao cấp với chip DAC ESS ES9038PRO. Sản phẩm phù hợp cho những người yêu âm nhạc muốn trải nghiệm âm thanh chi tiết và sống động.</p><p>Với thiết kế hiện đại, màn hình cảm ứng 5.5 inch và hỗ trợ Bluetooth 5.0 (LDAC, aptX HD), M23 mang lại sự tiện lợi và hiệu suất vượt trội trong phân khúc giá.</p>','dap','[\"./images/3K IMG/Dap/FiiO/m231.jpg\", \"./images/3K IMG/Dap/FiiO/m232.jpg\", \"./images/3K IMG/Dap/FiiO/m233.jpg\"]','[\"Màn hình cảm ứng 5.5 inch HD\", \"Chip DAC: ESS ES9038PRO\", \"Hệ điều hành: Android 10\", \"Bộ nhớ trong: 64GB (mở rộng microSD tới 2TB)\", \"Pin: 5,500mAh, phát nhạc liên tục đến 10 giờ\", \"Kết nối: Wi-Fi, Bluetooth 5.0 (LDAC, aptX HD, SBC)\", \"Cổng ra: 3.5mm unbalanced, 4.4mm balanced\", \"Trọng lượng: 295g\"]',0,5,100,0),(6,'FiiO M15S','FIIO',2000000.00,'12 tháng','<p>FiiO M15S là một DAP hiệu suất cao với thiết kế sang trọng, tích hợp chip DAC ESS ES9038PRO cho âm thanh sắc nét và trung thực. Đây là lựa chọn lý tưởng cho audiophile muốn sở hữu thiết bị chất lượng với mức giá hợp lý.</p><p>M15S hỗ trợ Android 10, màn hình 5.5 inch và thời lượng pin ấn tượng lên đến 15 giờ, đáp ứng mọi nhu cầu nghe nhạc di động.</p>','dap','[\"./images/3K IMG/Dap/FiiO/m15s1.png\", \"./images/3K IMG/Dap/FiiO/m15s2.png\", \"./images/3K IMG/Dap/FiiO/m15s3.png\"]','[\"Màn hình cảm ứng 5.5 inch HD\", \"Chip DAC: ESS ES9038PRO\", \"Hệ điều hành: Android 10\", \"Bộ nhớ trong: 64GB (mở rộng microSD tới 2TB)\", \"Pin: 6,200mAh, phát nhạc liên tục đến 15 giờ\", \"Kết nối: Wi-Fi, Bluetooth 5.0 (LDAC, aptX HD, SBC)\", \"Cổng ra: 3.5mm unbalanced, 4.4mm balanced\", \"Trọng lượng: 345g\"]',0,5,100,0),(7,'FiiO M3K','FIIO',1200000.00,'12 tháng','<p>FiiO M3K là DAP nhỏ gọn và giá rẻ, lý tưởng cho người dùng mới bắt đầu khám phá âm thanh chất lượng cao. Được trang bị chip DAC AKM AK4376A, M3K mang đến âm thanh rõ ràng và chi tiết.</p><p>Thiết kế nhẹ (chỉ 76g), thời lượng pin dài 26 giờ và hỗ trợ thẻ microSD lên đến 2TB khiến M3K trở thành bạn đồng hành hoàn hảo cho nhu cầu nghe nhạc hàng ngày.</p>','dap','[\"./images/3K IMG/Dap/FiiO/m3k1.jpg\", \"./images/3K IMG/Dap/FiiO/m3k2.jpg\", \"./images/3K IMG/Dap/FiiO/m3k3.jpg\"]','[\"Màn hình 2.0 inch\", \"Chip DAC: AKM AK4376A\", \"Hệ điều hành: Custom OS\", \"Bộ nhớ trong: 512MB (mở rộng microSD tới 2TB)\", \"Pin: 1,100mAh, phát nhạc liên tục đến 26 giờ\", \"Kết nối: Bluetooth 4.2 (SBC)\", \"Cổng ra: 3.5mm unbalanced\", \"Trọng lượng: 76g\"]',0,5,100,0),(8,'Sony WM1AM2','SONY',6000000.00,'12 tháng','<p>Sony WM1AM2 là một DAP cao cấp trong dòng Walkman, mang đến chất lượng âm thanh xuất sắc với công nghệ S-Master HX độc quyền của Sony. Sản phẩm hướng đến audiophile muốn trải nghiệm âm thanh tinh tế và mạnh mẽ.</p><p>Với hệ điều hành Android 11, màn hình 5.0 inch và thời lượng pin lên đến 40 giờ, WM1AM2 là lựa chọn hoàn hảo cho những chuyến đi dài hoặc nghe nhạc tại nhà.</p>','dap','[\"./images/3K IMG/Dap/Sony/wm1am21.png\", \"./images/3K IMG/Dap/Sony/wm1am22.png\", \"./images/3K IMG/Dap/Sony/wm1am23.png\"]','[\"Màn hình cảm ứng 5.0 inch HD\", \"Chip DAC: S-Master HX\", \"Hệ điều hành: Android 11\", \"Bộ nhớ trong: 128GB (mở rộng microSD tới 2TB)\", \"Pin: 5,000mAh, phát nhạc liên tục đến 40 giờ\", \"Kết nối: Wi-Fi, Bluetooth 5.0 (LDAC, aptX HD, AAC, SBC)\", \"Cổng ra: 3.5mm unbalanced, 4.4mm balanced\", \"Trọng lượng: 299g\"]',0,5,100,0),(9,'Sony WM1Z','SONY',64000000.00,'12 tháng','<p>Sony WM1Z là DAP flagship của Sony, nổi bật với thiết kế sang trọng và chất lượng âm thanh đỉnh cao nhờ công nghệ S-Master HX. Đây là lựa chọn hàng đầu cho audiophile khó tính nhất.</p><p>Với bộ nhớ trong 256GB, hỗ trợ microSD lên đến 2TB và thời lượng pin 30 giờ, WM1Z mang đến trải nghiệm nghe nhạc không giới hạn, từ nhạc lossless đến các định dạng âm thanh cao cấp.</p>','dap','[\"./images/3K IMG/Dap/Sony/wm1z1.jpg\", \"./images/3K IMG/Dap/Sony/wm1z2.jpg\", \"./images/3K IMG/Dap/Sony/wm1z3.jpg\"]','[\"Màn hình cảm ứng 4.0 inch\", \"Chip DAC: S-Master HX\", \"Hệ điều hành: Custom OS\", \"Bộ nhớ trong: 256GB (mở rộng microSD tới 2TB)\", \"Pin: 5,000mAh, phát nhạc liên tục đến 30 giờ\", \"Kết nối: Wi-Fi, Bluetooth 4.2 (LDAC, AAC, SBC)\", \"Cổng ra: 3.5mm unbalanced, 4.4mm balanced\", \"Trọng lượng: 455g\"]',0,5,100,0),(10,'Sony WM1ZMK2','SONY',74000000.00,'12 tháng','<p>Sony WM1ZMK2 là phiên bản nâng cấp của WM1Z, mang đến chất lượng âm thanh vượt trội với công nghệ S-Master HX và thiết kế tinh tế. Đây là DAP dành cho audiophile muốn sở hữu thiết bị cao cấp nhất.</p><p>Với hệ điều hành Android 11, màn hình 5.0 inch và thời lượng pin 40 giờ, WM1ZMK2 đảm bảo trải nghiệm nghe nhạc đỉnh cao với mọi định dạng âm thanh, từ DSD đến MQA.</p>','dap','[\"./images/3K IMG/Dap/Sony/mk21.jpg\",\"./images/3K IMG/Dap/Sony/mk22.jpg\",\"./images/3K IMG/Dap/Sony/mk23.jpg\"]','[\"Màn hình cảm ứng 5.0 inch HD\", \"Chip DAC: S-Master HX\", \"Hệ điều hành: Android 11\", \"Bộ nhớ trong: 256GB (mở rộng microSD tới 2TB)\", \"Pin: 5,000mAh, phát nhạc liên tục đến 40 giờ\", \"Kết nối: Wi-Fi, Bluetooth 5.0 (LDAC, aptX HD, AAC, SBC)\", \"Cổng ra: 3.5mm unbalanced, 4.4mm balanced\", \"Trọng lượng: 490g\"]',0,5,100,0),(11,'Sony A105','SONY',3000000.00,'12 tháng','<p>Sony A105 là DAP nhỏ gọn trong dòng Walkman, mang đến âm thanh chất lượng cao với công nghệ S-Master HX. Sản phẩm phù hợp cho người dùng muốn một thiết bị nghe nhạc di động tiện lợi.</p><p>Với trọng lượng chỉ 103g, màn hình cảm ứng 3.6 inch và thời lượng pin 26 giờ, A105 là lựa chọn lý tưởng cho những ai yêu âm nhạc và thường xuyên di chuyển.</p>','dap','[\"./images/3K IMG/Dap/Sony/a1051.jpeg\", \"./images/3K IMG/Dap/Sony/a1052.jpg\", \"./images/3K IMG/Dap/Sony/a1053.jpg\"]','[\"Màn hình cảm ứng 3.6 inch\", \"Chip DAC: S-Master HX\", \"Hệ điều hành: Android 9\", \"Bộ nhớ trong: 16GB (mở rộng microSD tới 2TB)\", \"Pin: 2,600mAh, phát nhạc liên tục đến 26 giờ\", \"Kết nối: Wi-Fi, Bluetooth 5.0 (LDAC, AAC, SBC)\", \"Cổng ra: 3.5mm unbalanced\", \"Trọng lượng: 103g\"]',0,5,100,0),(12,'Astell&Kern SP1000SS','ASTELL&KERN',11999000.00,'12 tháng','<p>Astell&Kern SP1000SS là DAP cao cấp với thiết kế thép không gỉ sang trọng, mang đến âm thanh tinh khiết nhờ chip DAC AKM AK4497EQ Dual DAC. Đây là lựa chọn hoàn hảo cho audiophile yêu thích sự đẳng cấp.</p><p>Với bộ nhớ trong 256GB, hỗ trợ microSD lên đến 1TB và thời lượng pin 12 giờ, SP1000SS đảm bảo trải nghiệm nghe nhạc không gián đoạn với chất lượng âm thanh hàng đầu.</p>','dap','[\"./images/3K IMG/Dap/AK/sp1000ss1.jpg\", \"./images/3K IMG/Dap/AK/sp1000ss2.jpg\", \"./images/3K IMG/Dap/AK/sp1000ss3.jpg\"]','[\"Màn hình cảm ứng 5.0 inch HD\", \"Chip DAC: AKM AK4497EQ Dual DAC\", \"Hệ điều hành: Custom OS\", \"Bộ nhớ trong: 256GB (mở rộng microSD tới 1TB)\", \"Pin: 3,700mAh, phát nhạc liên tục đến 12 giờ\", \"Kết nối: Wi-Fi, Bluetooth 4.1 (aptX HD, SBC)\", \"Cổng ra: 2.5mm balanced, 3.5mm unbalanced\", \"Công suất đầu ra: 4Vrms (balanced), 2Vrms (unbalanced)\", \"Trọng lượng: 407g\"]',0,5,100,0),(13,'Astell&Kern SP2000','ASTELL&KERN',21240000.00,'12 tháng','<p>Astell&Kern SP2000 là DAP hàng đầu với chip DAC AKM AK4499EQ Dual DAC, mang đến âm thanh chi tiết và tự nhiên. Sản phẩm dành cho audiophile muốn trải nghiệm âm thanh cao cấp nhất.</p><p>Với bộ nhớ trong 512GB, hỗ trợ microSD lên đến 1TB và công suất đầu ra mạnh mẽ (6Vrms balanced), SP2000 là lựa chọn lý tưởng để thưởng thức nhạc lossless và các định dạng âm thanh cao cấp.</p>','dap','[\"./images/3K IMG/Dap/AK/sp20001.jpg\", \"./images/3K IMG/Dap/AK/sp20002.jpg\", \"./images/3K IMG/Dap/AK/sp20003.jpg\"]','[\"Màn hình cảm ứng 5.0 inch HD\", \"Chip DAC: AKM AK4499EQ Dual DAC\", \"Hệ điều hành: Custom OS\", \"Bộ nhớ trong: 512GB (mở rộng microSD tới 1TB)\", \"Pin: 3,700mAh, phát nhạc liên tục đến 8 giờ\", \"Kết nối: Wi-Fi, Bluetooth 4.2 (LDAC, aptX HD, SBC)\", \"Cổng ra: 2.5mm balanced, 3.5mm unbalanced\", \"Công suất đầu ra: 6Vrms (balanced), 3Vrms (unbalanced)\", \"Trọng lượng: 393g\"]',0,5,100,0),(14,'Astell&Kern SR15','ASTELL&KERN',5000000.00,'12 tháng','<p>Astell&Kern SR15 là DAP nhỏ gọn với chip DAC Cirrus Logic CS43198 Dual DAC, mang đến âm thanh cân bằng và chi tiết. Sản phẩm phù hợp cho người dùng muốn một thiết bị nghe nhạc cao cấp nhưng nhẹ nhàng.</p><p>Với trọng lượng chỉ 154g, thời lượng pin 21 giờ và hỗ trợ microSD lên đến 1TB, SR15 là lựa chọn hoàn hảo cho audiophile thường xuyên di chuyển.</p>','dap','[\"./images/3K IMG/Dap/AK/sr151.jpg\", \"./images/3K IMG/Dap/AK/sr152.jpg\", \"./images/3K IMG/Dap/AK/sr153.jpg\"]','[\"Màn hình cảm ứng 3.3 inch\", \"Chip DAC: Cirrus Logic CS43198 Dual DAC\", \"Hệ điều hành: Custom OS\", \"Bộ nhớ trong: 64GB (mở rộng microSD tới 1TB)\", \"Pin: 3,150mAh, phát nhạc liên tục đến 21 giờ\", \"Kết nối: Wi-Fi, Bluetooth 4.1 (aptX HD, SBC)\", \"Cổng ra: 2.5mm balanced, 3.5mm unbalanced\", \"Công suất đầu ra: 4Vrms (balanced), 2Vrms (unbalanced)\", \"Trọng lượng: 154g\"]',0,5,100,0),(15,'Astell&Kern KannKub','ASTELL&KERN',3000000.00,'12 tháng','<p>Astell&Kern KannKub là DAP mạnh mẽ với công suất đầu ra ấn tượng (12Vrms balanced), phù hợp cho tai nghe khó kéo. Sản phẩm mang đến âm thanh sống động nhờ chip DAC ESS ES9038Q2M.</p><p>Với màn hình 4.1 inch, thời lượng pin 11 giờ và thiết kế chắc chắn, KannKub là lựa chọn lý tưởng cho audiophile muốn trải nghiệm âm thanh mạnh mẽ mọi lúc mọi nơi.</p>','dap','[\"./images/3K IMG/Dap/AK/Kannkub1.jpg\", \"./images/3K IMG/Dap/AK/Kannkub2.jpg\", \"./images/3K IMG/Dap/AK/Kannkub3.jpg\"]','[\"Màn hình cảm ứng 4.1 inch HD\", \"Chip DAC: ESS ES9038Q2M\", \"Hệ điều hành: Custom OS\", \"Bộ nhớ trong: 64GB (mở rộng microSD tới 1TB)\", \"Pin: 5,000mAh, phát nhạc liên tục đến 11 giờ\", \"Kết nối: Wi-Fi, Bluetooth 5.0 (LDAC, aptX HD, SBC)\", \"Cổng ra: 3.5mm unbalanced, 4.4mm balanced\", \"Công suất đầu ra: 12Vrms (balanced), 6Vrms (unbalanced)\", \"Trọng lượng: 279g\"]',0,5,100,0),(16,'Moondrop Aria Snow Edition','Moondrop',2500000.00,'12 tháng','<p>Moondrop Aria Snow Edition có chất âm trung tính và chi tiết, phù hợp với nhiều thể loại nhạc. Vỏ kim loại gia công CNC chắc chắn.</p>','headphone','[\"./images/3K IMG/HEADPHONE/Moondrop/aria1.jpg\", \"./images/3K IMG/HEADPHONE/Moondrop/aria2.jpg\", \"./images/3K IMG/HEADPHONE/Moondrop/aria3.jpg\"]','[\"Driver dynamic 10mm\", \"Dây tháo rời 2 pin 0.78mm\", \"Trở kháng: 32 Ω\", \"Tần số: 20Hz-20kHz\", \"Vỏ hợp kim kẽm phủ sơn mờ\"]',0,5,100,0),(17,'Shanling M0 Pro','Shanling',3400000.00,'12 tháng','<p>Máy nghe nhạc mini với chất lượng âm thanh vượt trội trong phân khúc. Hỗ trợ Bluetooth 5.0, LDAC và USB DAC.</p>','dap','[\"images/products/1750328800030-txdjxfu95-m0pro1.webp\",\"images/products/1750328800033-d8ni802xt-m0pro2.webp\",\"images/products/1750328800037-s3zjwswxu-m0pro3.webp\"]','[]',10,1,100,0),(18,'Astell&Kern SE200','ASTELL&KERN',18500000.00,'12 tháng','<p>SE200 là sản phẩm đầu tiên trên thế giới sử dụng hai loại DAC khác nhau trong một thiết bị, mang đến trải nghiệm âm thanh linh hoạt và cao cấp cho audiophile.</p><p>Hỗ trợ giải mã PCM lên đến 32bit/384kHz và Native DSD256.</p>','dap','[\"./images/3K IMG/Dap/AK/se200_1.jpg\", \"./images/3K IMG/Dap/AK/se200_2.jpg\", \"./images/3K IMG/Dap/AK/se200_3.jpg\"]','[\"2 DAC: ESS ES9068AS + AKM AK4499EQ\", \"Màn hình cảm ứng 5.0 inch HD\", \"Bộ nhớ trong: 256GB, mở rộng microSD tới 1TB\", \"Pin: 3700mAh, nghe nhạc liên tục đến 14 giờ\", \"Cổng ra: 2.5mm balanced, 3.5mm unbalanced, 4.4mm balanced\", \"Bluetooth 5.0 (LDAC, aptX HD)\", \"Trọng lượng: 274g\"]',-1,5,100,0),(19,'Sony IER-Z1R','SONY',39900000.00,'12 tháng','<p>IER-Z1R là tai nghe in-ear cao cấp nhất của Sony, mang đến chất âm cực kỳ chi tiết và mạnh mẽ. Thiết kế vỏ ngoài bằng zirconium alloy sang trọng, driver hybrid kết hợp BA và dynamic độc quyền.</p>','headphone','[\"./images/3K IMG/HEADPHONE/SONY/ierz1r1.jpg\", \"./images/3K IMG/HEADPHONE/SONY/ierz1r2.jpg\", \"./images/3K IMG/HEADPHONE/SONY/ierz1r3.jpg\"]','[\"Driver Hybrid: 1 Dynamic 12mm + 2 BA\", \"Trở kháng: 40 Ω\", \"Tần số: 3Hz – 100kHz\", \"Độ nhạy: 103 dB/mW\", \"Vỏ hợp kim Zirconium\", \"Trọng lượng: 26g\", \"Dây tháo rời MMCX\"]',0,5,100,0),(20,'Sony WH-1000XM5','SONY',8490000.00,'12 tháng','<p>WH-1000XM5 là tai nghe chống ồn chủ động tốt nhất của Sony với công nghệ NC cao cấp, chất lượng âm thanh vượt trội, hỗ trợ LDAC, microphone khử tiếng ồn AI.</p>','headphone','[\"./images/3K IMG/HEADPHONE/SONY/xm5_1.jpg\", \"./images/3K IMG/HEADPHONE/SONY/xm5_2.jpg\", \"./images/3K IMG/HEADPHONE/SONY/xm5_3.jpg\"]','[\"Bluetooth 5.2\", \"Thời lượng pin: 30h\", \"Chống ồn AI\", \"Driver 30mm\", \"Codec: LDAC, AAC, SBC\", \"Trọng lượng: 250g\"]',0,5,100,0),(27,'Sony MDR-EX1000','SONY',13900000.00,'12 tháng','<p>Chiếc tai nghe in-ear dynamic huyền thoại của Sony với khả năng trình diễn trung thực, dải bass uy lực và không gian âm nhạc rộng rãi.</p>','headphone','[\"./images/3K IMG/HEADPHONE/SONY/ex1000_1.jpg\", \"./images/3K IMG/HEADPHONE/SONY/ex1000_2.jpg\", \"./images/3K IMG/HEADPHONE/SONY/ex1000_3.jpg\"]','[\"Driver dynamic 16mm\", \"Trở kháng: 32 Ω\", \"Tần số: 3Hz – 30kHz\", \"Cáp OFC mạ bạc 1.2m\", \"Trọng lượng: 8g mỗi bên\", \"Dây tháo rời MMCX\"]',0,5,100,0),(28,'Sony WF-1000XM5','SONY',5990000.00,'12 tháng','<p>WF-1000XM5 là tai nghe true wireless cao cấp của Sony với thiết kế gọn nhẹ, chất âm chi tiết, chống ồn vượt trội, thời lượng pin tốt và tích hợp cảm biến thông minh.</p>','headphone','[\"./images/3K IMG/HEADPHONE/SONY/wf1000xm5_1.jpg\", \"./images/3K IMG/HEADPHONE/SONY/wf1000xm5_2.jpg\", \"./images/3K IMG/HEADPHONE/SONY/wf1000xm5_3.jpg\"]','[\"Bluetooth 5.3\", \"Chống ồn chủ động AI\", \"Thời lượng pin: 8h (tai) + 24h (hộp)\", \"Driver: 8.4mm\", \"Codec: LDAC, AAC, SBC\", \"Kháng nước IPX4\", \"Trọng lượng: 5.9g mỗi bên\"]',0,5,100,0),(29,'Moondrop Blessing 3','Moondrop',6700000.00,'12 tháng','<p>Moondrop Blessing 3 là tai nghe in-ear hybrid 2 dynamic + 4 BA mới nhất, mang chất âm cân bằng và kỹ thuật tái tạo tuyệt vời trong phân khúc.</p>','headphone','[\"./images/3K IMG/HEADPHONE/Moondrop/blessing3_1.jpg\", \"./images/3K IMG/HEADPHONE/Moondrop/blessing3_2.jpg\", \"./images/3K IMG/HEADPHONE/Moondrop/blessing3_3.jpg\"]','[\"Driver: 2 dynamic + 4 BA\", \"Tần số: 10Hz – 30kHz\", \"Trở kháng: 14.8 Ω\", \"Độ nhạy: 120 dB\", \"Dây tháo rời 2 pin 0.78mm\", \"Vỏ nhựa resin + kim loại CNC\"]',0,5,100,0),(30,'Moondrop Chu II','Moondrop',650000.00,'6 tháng','<p>Moondrop Chu II là bản nâng cấp của Chu với driver dynamic cải tiến, âm thanh trung thực và giá cực kỳ dễ tiếp cận cho người mới.</p>','headphone','[\"./images/3K IMG/HEADPHONE/Moondrop/chu2_1.jpg\", \"./images/3K IMG/HEADPHONE/Moondrop/chu2_2.jpg\", \"./images/3K IMG/HEADPHONE/Moondrop/chu2_3.jpg\"]','[\"Driver dynamic 10mm\", \"Tần số: 20Hz – 20kHz\", \"Trở kháng: 18 Ω\", \"Độ nhạy: 120 dB\", \"Thiết kế nhẹ và thoải mái\", \"Dây tháo rời 2 pin 0.78mm\"]',0,5,100,0),(31,'Moondrop Variations','Moondrop',7700000.00,'12 tháng','<p>Moondrop Variations là tai nghe in-ear hybrid 5 driver, mang đến chất âm chi tiết và độ động cao, rất được ưa chuộng trong tầm giá cao cấp.</p>','headphone','[\"./images/3K IMG/HEADPHONE/Moondrop/variations1.jpg\", \"./images/3K IMG/HEADPHONE/Moondrop/variations2.jpg\", \"./images/3K IMG/HEADPHONE/Moondrop/variations3.jpg\"]','[\"Driver: 2 Electrostatic + 2 BA + 1 Dynamic\", \"Trở kháng: 15.2 Ω\", \"Độ nhạy: 118 dB\", \"Dải tần: 20Hz – 40kHz\", \"Dây tháo rời 2-pin 0.78mm\", \"Vỏ kim loại CNC\"]',0,5,100,0),(32,'Moondrop KATO','Moondrop',3100000.00,'12 tháng','<p>Moondrop KATO là tai nghe dynamic single driver được tinh chỉnh kỹ càng theo đường cong âm Harman, cho chất âm cân bằng và tự nhiên.</p>','headphone','[\"./images/3K IMG/HEADPHONE/Moondrop/kato1.jpg\", \"./images/3K IMG/HEADPHONE/Moondrop/kato2.jpg\", \"./images/3K IMG/HEADPHONE/Moondrop/kato3.jpg\"]','[\"Driver: 10mm ULT Dynamic\", \"Vỏ kim loại Inox CNC\", \"Trở kháng: 32 Ω\", \"Độ nhạy: 123 dB\", \"Tần số: 10Hz – 45kHz\", \"Dây tháo rời 2-pin 0.78mm\"]',0,5,100,1),(33,'Sennheiser IE 900','SENNHEISER',31900000.00,'24 tháng','<p>IE 900 là tai nghe in-ear đầu bảng của Sennheiser, sử dụng driver X3R độc quyền, mang đến âm thanh trung thực tuyệt đối với độ chi tiết cực cao.</p>','headphone','[\"./images/3K IMG/HEADPHONE/Sennheiser/ie9001.jpg\", \"./images/3K IMG/HEADPHONE/Sennheiser/ie9002.jpg\", \"./images/3K IMG/HEADPHONE/Sennheiser/ie9003.jpg\"]','[\"Driver: 7mm X3R Dynamic\", \"Trở kháng: 16 Ω\", \"Độ nhạy: 123 dB\", \"Tần số: 5Hz – 48kHz\", \"Cáp đồng mạ bạc MMCX, 3 dây (2.5mm, 3.5mm, 4.4mm)\", \"Trọng lượng: 4g mỗi bên\", \"Vỏ nhôm CNC cao cấp\"]',0,5,100,0),(34,'Sennheiser MMT 4 Wireless','SENNHEISER',8190000.00,'24 tháng','<p>Momentum 4 Wireless là tai nghe không dây chống ồn cao cấp của Sennheiser với thời lượng pin lên đến 60 giờ và chất âm đặc trưng trầm ấm, rộng mở.</p>','headphone','[\"./images/3K IMG/HEADPHONE/Sennheiser/momentum4_1.jpg\", \"./images/3K IMG/HEADPHONE/Sennheiser/momentum4_2.jpg\", \"./images/3K IMG/HEADPHONE/Sennheiser/momentum4_3.jpg\"]','[\"Bluetooth 5.2, Codec: aptX Adaptive, SBC, AAC\", \"ANC chủ động\", \"Driver 42mm\", \"Pin: 60h\", \"Cổng sạc USB-C\", \"Trọng lượng: 293g\", \"Tích hợp cảm biến tháo tai\"]',0,5,100,0),(35,'Brise Audio Akagen','Brise',7500000.00,'12 tháng','<p>Dây dẫn Akagen của Brise Audio mang thiết kế tối ưu cho các tai nghe IEM cao cấp, nổi bật với độ chi tiết cao và độ sạch nền âm tuyệt vời.</p>','cable','[\"./images/3K IMG/Cables/Brise/akagen1.webp\", \"./images/3K IMG/Cables/Brise/akagen2.webp\", \"./images/3K IMG/Cables/Brise/akagen3.webp\"]','[\"Chất liệu: Đồng tinh khiết xử lý cryo\", \"Chiều dài: 1.2m\", \"Kết nối: MMCX / 2-pin 0.78mm\", \"Jack: 3.5mm / 4.4mm Balanced\"]',0,5,100,0),(36,'Brise Audio Asuha','Brise',5500000.00,'12 tháng','<p>Asuha mang lại âm thanh mượt mà và trung thực, tối ưu hóa cho các IEM có dải mid ngọt và cao.</p>','cable','[\"./images/3K IMG/Cables/Brise/asuha1.jpg\", \"./images/3K IMG/Cables/Brise/asuha2.jpg\", \"./images/3K IMG/Cables/Brise/asuha3.jpg\"]','[\"Dây đồng OFC 8 lõi\", \"Dài 1.2m\", \"Đầu cắm MMCX hoặc 2-pin\", \"Jack 3.5mm/4.4mm Balanced\", \"Trọng lượng nhẹ, độ bền cao\"]',0,5,100,0),(37,'Brise Audio Naobi','Brise',6200000.00,'12 tháng','<p>Brise Naobi được biết đến với chất âm tự nhiên và giàu chi tiết, phù hợp cho người yêu âm trung và vocal.</p>','cable','[\"./images/3K IMG/Cables/Brise/naobi1.jpg\", \"./images/3K IMG/Cables/Brise/naobi2.webp\", \"./images/3K IMG/Cables/Brise/naobi3.webp\"]','[\"Vật liệu đồng mạ bạc\", \"Dài 1.2m\", \"Kết nối tiêu chuẩn MMCX/2-pin\", \"Jack 2.5mm/4.4mm Balanced\", \"Âm thanh sạch và cân bằng\"]',0,5,100,0),(38,'Brise Audio Yatono','Brise',8800000.00,'12 tháng','<p>Dòng dây cao cấp nhất từ Brise, Yatono mang lại âm trường rộng mở, tốc độ nhanh và khả năng tái tạo chi tiết tuyệt vời.</p>','cable','[\"./images/3K IMG/Cables/Brise/yatono1.jpg\", \"./images/3K IMG/Cables/Brise/yatono2.jpg\", \"./images/3K IMG/Cables/Brise/yatono3.jpg\"]','[\"Dây đồng tinh khiết OCC 7N\", \"Dài 1.2m\", \"Jack 4.4mm Balanced\", \"Tương thích MMCX và 2-pin\", \"Thiết kế chống nhiễu tối đa\"]',0,5,100,0),(39,'Eletech Azreal','Eletech',4300000.00,'12 tháng','<p>Azreal là dòng dây tầm trung của Eletech, mang lại âm thanh ngọt ngào, êm dịu và độ động vừa phải.</p>','cable','[\"./images/3K IMG/Cables/Eletech/azreal1.webp\", \"./images/3K IMG/Cables/Eletech/azreal2.webp\", \"./images/3K IMG/Cables/Eletech/azreal3.webp\"]','[\"Chất liệu đồng OCC\", \"Thiết kế 4 lõi bện xoắn\", \"Chiều dài 1.2m\", \"Jack 3.5mm hoặc 4.4mm\", \"Tương thích chuẩn MMCX/2-pin\"]',0,5,100,0),(40,'Eletech Euclid','Eletech',5100000.00,'12 tháng','<p>Dây Euclid mang lại chất âm trong trẻo, chi tiết và âm trường thoáng đãng, phù hợp cho vocal và nhạc acoustic.</p>','cable','[\"./images/3K IMG/Cables/Eletech/euclid1.webp\", \"./images/3K IMG/Cables/Eletech/euclid2.webp\", \"./images/3K IMG/Cables/Eletech/euclid3.webp\"]','[\"Cáp đồng mạ bạc\", \"Cấu trúc 4 lõi twisted\", \"Jack Balanced 4.4mm\", \"Kết nối MMCX / 2-pin\"]',0,5,100,0),(41,'Eletech Odys','Eletech',6900000.00,'12 tháng','<p>Odys là lựa chọn tuyệt vời cho người dùng muốn một dây dẫn cân bằng giữa bass mạnh và mid ngọt ngào.</p>','cable','[\"./images/3K IMG/Cables/Eletech/odys1.webp\", \"./images/3K IMG/Cables/Eletech/odys2.webp\", \"./images/3K IMG/Cables/Eletech/odys3.webp\"]','[\"Chất liệu đồng OFC + bạc tinh khiết\", \"Chiều dài: 1.2m\", \"Đầu cắm: 4.4mm / 3.5mm\", \"Lõi dẫn cách điện kép\"]',0,5,100,0),(42,'Eletech Sonet','Eletech',5900000.00,'12 tháng','<p>Sonet hướng đến người nghe muốn có chất âm cân bằng, chi tiết và mở rộng không gian âm nhạc.</p>','cable','[\"./images/3K IMG/Cables/Eletech/sonet1.webp\", \"./images/3K IMG/Cables/Eletech/sonet2.webp\", \"./images/3K IMG/Cables/Eletech/sonet3.webp\"]','[\"Lõi đồng OCC 6N\", \"Thiết kế chống nhiễu EMI\", \"Dây dài 1.2m\", \"Tương thích nhiều loại tai nghe IEM cao cấp\"]',-2,5,100,1),(43,'Wagnus Frosty','Wagnus',4200000.00,'12 tháng','<p>Dây Wagnus Frosty cho chất âm trong trẻo, sạch và chi tiết cao, rất phù hợp với các IEM thiên treble và vocal.</p>','cable','[\"./images/3K IMG/Cables/Wagnus/frosty1.avif\", \"./images/3K IMG/Cables/Wagnus/frosty2.avif\", \"./images/3K IMG/Cables/Wagnus/frosty3.avif\"]','[\"Bạc tinh khiết OCC\", \"Jack Balanced 4.4mm\", \"Dài 1.2m\", \"Chống nhiễu EMI hiệu quả\"]',-4,5,100,2),(44,'Wagnus Lily','Wagnus',3900000.00,'12 tháng','<p>Wagnus Lily mang chất âm mềm mại, mượt mà, phù hợp với các tai nghe thiên mid và âm trầm nhẹ nhàng.</p>','cable','[\"./images/3K IMG/Cables/Wagnus/lily1.avif\", \"./images/3K IMG/Cables/Wagnus/lily2.avif\", \"./images/3K IMG/Cables/Wagnus/lily3.avif\"]','[\"Cáp đồng mạ vàng\", \"Kết nối MMCX / 2-pin\", \"Chiều dài 1.2m\", \"Vỏ bọc cách điện mềm cao cấp\"]',0,5,100,0),(45,'Wagnus Nu3','Wagnus',5100000.00,'12 tháng','<p>Nu3 là dây dẫn đa năng của Wagnus, mang lại dải trầm chắc chắn và tổng thể âm cân bằng, rộng mở.</p>','cable','[\"./images/3K IMG/Cables/Wagnus/nu31.avif\", \"./images/3K IMG/Cables/Wagnus/nu32.avif\", \"./images/3K IMG/Cables/Wagnus/nu33.avif\"]','[\"Cáp 3 lõi bạc pha đồng OCC\", \"Dài 1.2m\", \"Jack Balanced\", \"Chống nhiễu cao\"]',0,5,100,0),(46,'Wagnus Nucleon','Wagnus',6800000.00,'12 tháng','<p>Dòng dây high-end của Wagnus, Nucleon cho âm thanh cực kỳ chính xác, chi tiết và khả năng phân tách nhạc cụ xuất sắc.</p>','cable','[\"./images/3K IMG/Cables/Wagnus/nucleon1.avif\", \"./images/3K IMG/Cables/Wagnus/nucleon2.avif\", \"./images/3K IMG/Cables/Wagnus/nucleon3.avif\"]','[\"Lõi dẫn: Hợp kim bạc OCC\", \"Lớp chống nhiễu đa tầng\", \"Kết nối 4.4mm / MMCX / 2-pin\", \"Chiều dài: 1.2m\"]',0,5,100,0),(47,'Chord Mojo 2','Chord',15990000.00,'12 tháng','<p>Chord Mojo 2 là DAC/AMP di động cao cấp, cải tiến từ Mojo với chip FPGA tùy chỉnh mang đến chất lượng âm thanh vượt trội. Sản phẩm lý tưởng cho audiophile muốn trải nghiệm âm thanh chi tiết khi di chuyển.</p><p>Mojo 2 hỗ trợ điều chỉnh EQ thông minh, thiết kế nhỏ gọn và thời lượng pin ấn tượng, phù hợp với tai nghe từ IEM đến over-ear.</p>','dacamp','[\"./images/3K IMG/dacamp/Chord/mojo21.jpg\", \"./images/3K IMG/dacamp/Chord/mojo22.jpg\", \"./images/3K IMG/dacamp/Chord/mojo23.jpg\"]','[\"Chip DAC: FPGA tùy chỉnh\", \"Hỗ trợ PCM: Lên đến 32bit/768kHz\", \"Hỗ trợ DSD: DSD512\", \"Cổng vào: USB-C, Optical, Coaxial\", \"Cổng ra: 3.5mm dual headphone\", \"Công suất: 600mW @ 30Ω\", \"Pin: 8 giờ\", \"Trọng lượng: 185g\"]',0,5,100,0),(48,'Chord Hugo 2','Chord',64990000.00,'12 tháng','<p>Chord Hugo 2 là DAC/AMP di động cao cấp với chip FPGA độc quyền, mang đến âm thanh tinh khiết và chi tiết. Đây là lựa chọn hàng đầu cho audiophile muốn sở hữu thiết bị đa năng cả tại nhà và di động.</p><p>Với thiết kế nhôm CNC sang trọng, Hugo 2 hỗ trợ nhiều cổng kết nối và khả năng giải mã âm thanh lossless tối ưu.</p>','dacamp','[\"./images/3K IMG/dacamp/Chord/hugo21.jpg\", \"./images/3K IMG/dacamp/Chord/hugo22.jpg\", \"./images/3K IMG/dacamp/Chord/hugo23.jpg\"]','[\"Chip DAC: FPGA tùy chỉnh\", \"Hỗ trợ PCM: Lên đến 32bit/768kHz\", \"Hỗ trợ DSD: DSD512\", \"Cổng vào: USB-B, USB-C, Optical, Coaxial\", \"Cổng ra: 3.5mm, 6.35mm headphone\", \"Công suất: 1.05W @ 8Ω\", \"Pin: 7 giờ\", \"Trọng lượng: 450g\"]',0,5,100,0),(49,'Chord Qutest','Chord',42990000.00,'12 tháng','<p>Chord Qutest là DAC để bàn nhỏ gọn nhưng mạnh mẽ, sử dụng chip FPGA tùy chỉnh để mang lại chất lượng âm thanh hi-end. Sản phẩm phù hợp cho hệ thống nghe nhạc tại nhà hoặc studio.</p><p>Thiết kế tối giản, hỗ trợ nhiều cổng kết nối và khả năng giải mã âm thanh độ phân giải cao.</p>','dacamp','[\"./images/3K IMG/dacamp/Chord/qutest1.jpg\", \"./images/3K IMG/dacamp/Chord/qutest2.jpg\", \"./images/3K IMG/dacamp/Chord/qutest3.jpg\"]','[\"Chip DAC: FPGA tùy chỉnh\", \"Hỗ trợ PCM: Lên đến 32bit/768kHz\", \"Hỗ trợ DSD: DSD512\", \"Cổng vào: USB-B, Optical, Dual Coaxial\", \"Cổng ra: RCA stereo\", \"Nguồn: USB 5V\", \"Trọng lượng: 770g\", \"Kích thước: 41 x 160 x 72 mm\"]',0,5,100,0),(50,'Chord Anni','Chord',39990000.00,'12 tháng','<p>Chord Anni là ampli tích hợp nhỏ gọn thuộc dòng Qutest, mang đến công suất mạnh mẽ để kéo tai nghe và loa bookshelf. Sản phẩm lý tưởng cho hệ thống âm thanh để bàn cao cấp.</p><p>Thiết kế nhôm CNC tinh tế, Anni cung cấp âm thanh chi tiết và kiểm soát tốt ở mọi dải tần.</p>','dacamp','[\"./images/3K IMG/dacamp/Chord/anni1.jpg\", \"./images/3K IMG/dacamp/Chord/anni2.jpg\", \"./images/3K IMG/dacamp/Chord/anni3.jpg\"]','[\"Công suất: 10W @ 8Ω\", \"Cổng vào: RCA stereo\", \"Cổng ra: 6.35mm headphone, Binding posts (loa)\", \"Trở kháng tai nghe: 8-1000Ω\", \"Nguồn: 15V DC\", \"Trọng lượng: 625g\", \"Kích thước: 41 x 160 x 96 mm\", \"Công nghệ ULTIMA\"]',0,5,100,0),(51,'Chord Dave','Chord',299900000.00,'12 tháng','<p>Chord Dave là DAC/AMP cao cấp nhất của Chord, sử dụng chip FPGA tiên tiến để mang lại chất lượng âm thanh đỉnh cao. Sản phẩm dành cho audiophile khó tính nhất, phù hợp với hệ thống hi-end.</p><p>Với khả năng giải mã vượt trội và thiết kế sang trọng, Dave là chuẩn mực cho âm thanh tham chiếu.</p>','dacamp','[\"./images/3K IMG/dacamp/Chord/dave1.jpg\", \"./images/3K IMG/dacamp/Chord/dave2.jpg\", \"./images/3K IMG/dacamp/Chord/dave3.jpg\"]','[\"Chip DAC: FPGA tùy chỉnh\", \"Hỗ trợ PCM: Lên đến 32bit/768kHz\", \"Hỗ trợ DSD: DSD512\", \"Cổng vào: USB-B, AES, Optical, Dual Coaxial\", \"Cổng ra: RCA, XLR, 6.35mm headphone\", \"Công suất headphone: 1.4W @ 33Ω\", \"Trọng lượng: 5.5kg\", \"Kích thước: 333 x 71 x 154 mm\"]',0,5,100,0),(52,'Topping DX3 Pro+','Topping',5990000.00,'12 tháng','<p>Topping DX3 Pro+ là DAC/AMP để bàn cao cấp với chip DAC ES9038Q2M, hỗ trợ âm thanh chất lượng cao và tích hợp Bluetooth 5.0. Sản phẩm mang đến trải nghiệm âm thanh chi tiết, mạnh mẽ, phù hợp cho cả tai nghe và hệ thống loa nhỏ.</p><p>Thiết kế nhỏ gọn, hỗ trợ nhiều cổng kết nối và khả năng giải mã PCM/DSD, DX3 Pro+ là lựa chọn lý tưởng cho audiophile yêu cầu hiệu suất cao với mức giá hợp lý.</p>','dacamp','[\"./images/3K IMG/dacamp/Topping/dx3pro1.jpg\", \"./images/3K IMG/dacamp/Topping/dx3pro2.jpg\", \"./images/3K IMG/dacamp/Topping/dx3pro3.jpg\"]','[\"Chip DAC: ES9038Q2M\", \"Hỗ trợ PCM: Lên đến 32bit/768kHz\", \"Hỗ trợ DSD: DSD512\", \"Cổng vào: USB, Optical, Coaxial, Bluetooth 5.0\", \"Cổng ra: 3.5mm headphone, RCA\", \"Công suất: 1800mW @ 32Ω\", \"Bluetooth: aptX HD, LDAC\", \"Trọng lượng: 400g\"]',0,5,100,0),(53,'Topping L30 II','Topping',2990000.00,'12 tháng','<p>Topping L30 II là Headphone Amplifier desktop cao cấp, nâng cấp từ bản L30 với công suất mạnh mẽ và méo tiếng cực thấp. Hỗ trợ hầu hết tai nghe từ IEM cho đến fullsize.</p><p>Thiết kế nhỏ gọn, chất lượng build tốt, âm thanh chi tiết, trong trẻo và trung thực.</p>','dacamp','[\"./images/3K IMG/dacamp/Topping/l30ii1.jpg\", \"./images/3K IMG/dacamp/Topping/l30ii2.jpg\", \"./images/3K IMG/dacamp/Topping/l30ii3.jpg\"]','[\"Công suất: 3500mW@16Ω\", \"Ngõ vào: RCA\", \"Ngõ ra: 6.35mm, RCA pre-out\", \"SNR: 141dB\", \"THD+N: 0.00006%\", \"Kích thước: 13.4 x 10 x 3.2 cm\", \"Trọng lượng: 295g\"]',0,5,100,0),(54,'Topping E50','Topping',4690000.00,'12 tháng','<p>Topping E50 là DAC desktop cao cấp, sử dụng chip ES9068AS, hỗ trợ PCM 32bit/768kHz, DSD512. Thiết kế nhỏ gọn, hỗ trợ ngõ vào USB, Optical, Coaxial, ngõ ra balanced TRS 6.35mm và RCA.</p><p>Phù hợp cho các hệ thống audio hi-end, nghe nhạc lossless chất lượng cao.</p>','dacamp','[\"./images/3K IMG/dacamp/Topping/e50-1.jpg\", \"./images/3K IMG/dacamp/Topping/e50-2.jpg\", \"./images/3K IMG/dacamp/Topping/e50-3.jpg\"]','[\"Chip DAC: ESS ES9068AS\", \"Hỗ trợ MQA: Có\", \"Ngõ vào: USB-B, Optical, Coaxial\", \"Ngõ ra: TRS balanced, RCA\", \"Hỗ trợ PCM 32bit/768kHz, DSD512\", \"Điều khiển từ xa\", \"Kích thước: 12.9 x 15.5 x 4.1 cm\", \"Trọng lượng: 430g\"]',0,5,100,0),(55,'Topping PA5 II','Topping',5790000.00,'12 tháng','<p>Topping PA5 II là ampli công suất cao, hỗ trợ balanced input, distortion siêu thấp, công suất mạnh mẽ phù hợp các hệ thống loa bookshelf, desktop audiophile. Thiết kế gọn, vỏ nhôm CNC chắc chắn.</p>','dacamp','[\"./images/3K IMG/dacamp/Topping/pa5ii-1.jpg\", \"./images/3K IMG/dacamp/Topping/pa5ii-2.jpg\", \"./images/3K IMG/dacamp/Topping/pa5ii-3.jpg\"]','[\"Công suất: 125W x2 @4Ω\", \"Input: RCA, TRS balanced\", \"THD+N: <0.0004%\", \"SNR: 141dB\", \"Kích thước: 18.2 x 6.3 x 14 cm\", \"Trọng lượng: 1.2kg\"]',0,5,100,0),(56,'Topping A70 Pro','Topping',17900000.00,'12 tháng','<p>Topping A70 Pro là ampli tai nghe và pre-amp cao cấp, công suất cực lớn, hỗ trợ balanced, single-ended. Thiết kế nhôm nguyên khối, màn hình màu, relay volume. Phù hợp với cả những tai nghe trở kháng cao nhất và hệ thống desktop hi-end.</p>','dacamp','[\"./images/3K IMG/dacamp/Topping/a70pro-1.jpg\", \"./images/3K IMG/dacamp/Topping/a70pro-2.jpg\", \"./images/3K IMG/dacamp/Topping/a70pro-3.jpg\"]','[\"Công suất: 2x11000mW@16Ω (balanced)\", \"Input: XLR, RCA\", \"Output: 4-pin XLR, 4.4mm balanced, 6.35mm SE\", \"THD+N: 0.00007%\", \"Màn hình LCD màu\", \"Kích thước: 24 x 22 x 5 cm\", \"Trọng lượng: 3.1kg\"]',0,5,100,0),(57,'iFi hip-dac 3','iFi Audio',4390000.00,'12 tháng','<p>iFi hip-dac 3 là DAC/AMP di động nổi bật, thiết kế nhỏ gọn, pin lâu, âm thanh mạnh mẽ chi tiết. Sử dụng chip Burr-Brown, hỗ trợ PCM 384kHz/DSD256, MQA, phù hợp audiophile cần trải nghiệm on-the-go.</p>','dacamp','[\"./images/3K IMG/dacamp/iFi/hipdac3-1.jpg\", \"./images/3K IMG/dacamp/iFi/hipdac3-2.jpg\", \"./images/3K IMG/dacamp/iFi/hipdac3-3.jpg\"]','[\"Chip DAC: Burr-Brown\", \"Hỗ trợ PCM 384kHz/32bit, DSD256, MQA\", \"Công suất: 400mW@32Ω\", \"Ngõ vào: USB-C\", \"Ngõ ra: 3.5mm, 4.4mm Balanced\", \"Pin: 12 giờ\", \"Kích thước: 10.2 x 7 x 1.4 cm\", \"Trọng lượng: 125g\"]',0,5,100,0),(58,'iFi Zen DAC V2','iFi Audio',4190000.00,'12 tháng','<p>iFi Zen DAC V2 là DAC/AMP desktop cực kỳ nổi tiếng, hỗ trợ balanced, dùng chip Burr-Brown, công suất khỏe, âm thanh chi tiết và giàu nhạc tính. Phù hợp cả IEM lẫn fullsize, cực kỳ hợp để làm desktop setup.</p>','dacamp','[\"./images/3K IMG/dacamp/iFi/zendacv2-1.jpg\", \"./images/3K IMG/dacamp/iFi/zendacv2-2.jpg\", \"./images/3K IMG/dacamp/iFi/zendacv2-3.jpg\"]','[\"Chip DAC: Burr-Brown\", \"Hỗ trợ PCM 384kHz/32bit, DSD256\", \"Balanced: 4.4mm\", \"Ngõ ra: RCA, 6.3mm, 4.4mm\", \"Công suất: 330mW@32Ω (balanced)\", \"USB input\", \"Power Match, TrueBass\", \"Trọng lượng: 491g\"]',0,5,100,0),(59,'iFi xDSD Gryphon','iFi Audio',14990000.00,'12 tháng','<p>iFi xDSD Gryphon là DAC/AMP di động cao cấp, hỗ trợ Bluetooth 5.1 LDAC/aptX, pin 8h, chip Burr-Brown, balanced 4.4mm, màn hình OLED, cực kỳ phù hợp cho audiophile thích portable/di động chất lượng cao.</p>','dacamp','[\"./images/3K IMG/dacamp/iFi/gryphon-1.jpg\", \"./images/3K IMG/dacamp/iFi/gryphon-2.jpg\", \"./images/3K IMG/dacamp/iFi/gryphon-3.jpg\"]','[\"Bluetooth: 5.1 (LDAC/aptX)\", \"Chip DAC: Burr-Brown\", \"Ngõ vào: USB-C, Optical, Coaxial, Bluetooth\", \"Ngõ ra: 4.4mm balanced, 3.5mm SE\", \"Công suất: 1000mW@32Ω\", \"Pin: 8h\", \"Kích thước: 123 x 75 x 19mm\", \"Trọng lượng: 215g\"]',0,5,100,0),(60,'iFi NEO iDSD','iFi Audio',16990000.00,'12 tháng','<p>iFi NEO iDSD là DAC/AMP desktop cao cấp, hỗ trợ MQA, Bluetooth, balanced, nhiều giải thưởng quốc tế. Dùng chip Burr-Brown, đầu ra XLR/RCA, công suất mạnh, màn hình OLED, phù hợp làm trung tâm hệ thống hi-end.</p>','dacamp','[\"./images/3K IMG/dacamp/iFi/neoiDSD-1.jpg\", \"./images/3K IMG/dacamp/iFi/neoiDSD-2.jpg\", \"./images/3K IMG/dacamp/iFi/neoiDSD-3.jpg\"]','[\"Chip DAC: Burr-Brown\", \"Hỗ trợ PCM 768kHz, DSD512, MQA\", \"Bluetooth: 5.0 (LDAC, aptX HD)\", \"Ngõ vào: USB-B, Optical, Coaxial, Bluetooth\", \"Ngõ ra: XLR balanced, RCA, 6.3mm\", \"Công suất: 1040mW@32Ω\", \"Màn hình OLED\", \"Kích thước: 214 x 146 x 41mm\"]',0,5,100,0),(61,'iFi micro iDSD Signature','iFi Audio',13900000.00,'12 tháng','<p>iFi micro iDSD Signature là DAC/AMP portable cao cấp, công suất khủng, chip Burr-Brown, hỗ trợ PCM768kHz/DSD512/MQA, pin lên đến 12h, phù hợp cho tai nghe fullsize trở cao và nhu cầu hi-end on-the-go.</p>','dacamp','[\"./images/3K IMG/dacamp/iFi/microidsdsig-1.jpg\", \"./images/3K IMG/dacamp/iFi/microidsdsig-2.jpg\", \"./images/3K IMG/dacamp/iFi/microidsdsig-3.jpg\"]','[\"Chip DAC: Burr-Brown\", \"Công suất: 4000mW@16Ω\", \"Pin: 6-12h\", \"Ngõ vào: USB-A\", \"Ngõ ra: 6.3mm, RCA, line-out\", \"Hỗ trợ PCM768kHz/DSD512/MQA\", \"Kích thước: 177 x 67 x 28mm\", \"Trọng lượng: 295g\"]',0,5,100,0),(62,'Shanling M3 Ultra','Shanling',9990000.00,'12 tháng','<p>Shanling M3 Ultra là DAP Android Hi-Res, màn hình cảm ứng 4.2 inch, chip DAC ES9219C, RAM 3GB, pin 20h, xuất balanced 4.4mm. Hỗ trợ WiFi, Bluetooth, cài app nhạc trực tuyến.</p>','dap','[\"./images/3K IMG/dap/Shanling/m3ultra-1.jpg\", \"./images/3K IMG/dap/Shanling/m3ultra-2.jpg\", \"./images/3K IMG/dap/Shanling/m3ultra-3.jpg\"]','[\"Màn hình: 4.2 inch cảm ứng\", \"Android 10\", \"Chip DAC: Dual ES9219C\", \"RAM: 3GB\", \"ROM: 32GB\", \"Balanced 4.4mm, SE 3.5mm\", \"WiFi, Bluetooth 5.0\", \"Thời lượng pin: 20h\", \"Kích thước: 113 x 60 x 16 mm\", \"Trọng lượng: 168g\"]',0,5,100,0),(63,'Shanling M6 Ultra','Shanling',21990000.00,'12 tháng','<p>Shanling M6 Ultra là DAP Android cao cấp, 4 chip DAC AK4493SEQ, balanced 4.4mm, màn hình 5 inch, RAM 4GB, bộ nhớ 64GB, hỗ trợ WiFi, Bluetooth. Âm thanh mạnh mẽ, chi tiết xuất sắc, thiết kế sang trọng.</p>','dap','[\"./images/3K IMG/dap/Shanling/m6ultra-1.jpg\", \"./images/3K IMG/dap/Shanling/m6ultra-2.jpg\", \"./images/3K IMG/dap/Shanling/m6ultra-3.jpg\"]','[\"Màn hình: 5 inch cảm ứng\", \"Android 10\", \"Chip DAC: 4x AK4493SEQ\", \"RAM: 4GB\", \"ROM: 64GB\", \"Balanced 4.4mm, SE 3.5mm\", \"WiFi, Bluetooth 5.0\", \"Thời lượng pin: 13h\", \"Kích thước: 139 x 80 x 21 mm\", \"Trọng lượng: 345g\"]',-1,5,100,1),(64,'DDHiFi Air Series Case','ddhifi',390000.00,'12 tháng','Ốp bảo vệ Air Series chuẩn sang xịn, thiết kế tối giản, fit chuẩn từng dòng DAP.','accessory','[\"./images/3K IMG/Accessory/ddhifi/air_case1.jpg\", \"./images/3K IMG/Accessory/ddhifi/air_case2.jpg\", \"./images/3K IMG/Accessory/ddhifi/air_case3.jpg\"]','[\"Chất liệu: Silicon cao cấp\", \"Tương thích: DAP phổ biến\", \"Bảo vệ toàn diện\", \"Chính hãng ddhifi\"]',0,5,100,0),(65,'DDHiFi DJ30A Adapter','ddhifi',250000.00,'12 tháng','Adapter DJ30A giúp chuyển đổi balanced 4.4mm sang 2.5mm, build cực chắc chắn.','accessory','[\"./images/3K IMG/Accessory/ddhifi/dj30a1.jpg\", \"./images/3K IMG/Accessory/ddhifi/dj30a2.jpg\", \"./images/3K IMG/Accessory/ddhifi/dj30a3.jpg\"]','[\"Chất liệu: Kim loại\", \"Chuẩn: 4.4mm sang 2.5mm\", \"Tương thích: nhiều thiết bị\", \"Chính hãng ddhifi\"]',0,5,100,0),(66,'DDHiFi ST35 Storage Box','ddhifi',180000.00,'12 tháng','Hộp đựng phụ kiện ST35 nhỏ gọn, bảo vệ tai nghe/phụ kiện tối ưu, đẹp mắt.','accessory','[\"./images/3K IMG/Accessory/ddhifi/st35_1.jpg\", \"./images/3K IMG/Accessory/ddhifi/st35_2.jpg\", \"./images/3K IMG/Accessory/ddhifi/st35_3.jpg\"]','[\"Kích thước: Nhỏ gọn\", \"Chất liệu: Chống va đập\", \"Thiết kế tối giản\"]',0,5,100,0),(67,'DDHiFi TC44C DAC','ddhifi',1350000.00,'12 tháng','DAC rời nhỏ gọn, chất âm trung thực, nâng cấp âm thanh cực mạnh cho điện thoại và PC.','accessory','[\"./images/3K IMG/Accessory/ddhifi/tc44c_1.jpg\", \"./images/3K IMG/Accessory/ddhifi/tc44c_2.jpg\", \"./images/3K IMG/Accessory/ddhifi/tc44c_3.jpg\"]','[\"DAC chip: CS43131\", \"Đầu vào: USB-C\", \"Công suất: 60mW\", \"Chính hãng ddhifi\"]',0,5,100,0),(68,'DDHiFi 130B Cable','ddhifi',750000.00,'12 tháng','Cọng dây 130B huyền thoại, độ hoàn thiện cao, truyền dẫn tín hiệu xuất sắc, item yêu thích!','accessory','[\"./images/3K IMG/Accessory/ddhifi/130b1.jpg\", \"./images/3K IMG/Accessory/ddhifi/130b2.jpg\", \"./images/3K IMG/Accessory/ddhifi/130b3.jpg\"]','[\"Chiều dài: 1.2m\", \"Jack: 3.5mm\", \"Chất liệu: Đồng OCC\", \"Chính hãng ddhifi\"]',0,5,100,0),(69,'SpinFit CP145 Eartips','spinfit',200000.00,'6 tháng','Eartips SpinFit CP145 giúp nâng cấp chất âm, cảm giác đeo thoải mái, tương thích nhiều loại tai nghe.','accessory','[\"./images/3K IMG/Accessory/spinfit/cp145_1.jpg\", \"./images/3K IMG/Accessory/spinfit/cp145_2.jpg\", \"./images/3K IMG/Accessory/spinfit/cp145_3.jpg\"]','[\"Đường kính: 4.5mm\", \"Chất liệu: Silicone y tế\", \"Size: S/M/L\", \"Tăng cường bass và âm trường\"]',0,5,100,0),(70,'SpinFit CP100 Eartips','spinfit',180000.00,'6 tháng','Eartips SpinFit CP100 phù hợp cho tai nghe in-ear phổ biến, tối ưu comfort và âm thanh.','accessory','[\"./images/3K IMG/Accessory/spinfit/cp100_1.jpg\", \"./images/3K IMG/Accessory/spinfit/cp100_2.jpg\", \"./images/3K IMG/Accessory/spinfit/cp100_3.jpg\"]','[\"Đường kính: 4.0mm\", \"Chất liệu: Silicone cao cấp\", \"Size: S/M/L\", \"Cải thiện dải trung âm\"]',0,5,100,0),(71,'SpinFit CP240 Double Flange','spinfit',250000.00,'6 tháng','Eartips hai tầng SpinFit CP240 tăng độ cách âm, phù hợp môi trường ồn ào, nâng trải nghiệm nghe.','accessory','[\"./images/3K IMG/Accessory/spinfit/cp240_1.jpg\", \"./images/3K IMG/Accessory/spinfit/cp240_2.jpg\", \"./images/3K IMG/Accessory/spinfit/cp240_3.jpg\"]','[\"Đường kính: 4.0mm\", \"Thiết kế: Double flange\", \"Size: S/M/L\", \"Cách âm tốt\"]',0,5,100,0),(72,'SpinFit CP350 TWS Eartips','spinfit',280000.00,'6 tháng','Eartips SpinFit CP350 tối ưu riêng cho tai nghe true wireless, fit chuẩn housing nhỏ.','accessory','[\"./images/3K IMG/Accessory/spinfit/cp350_1.jpg\", \"./images/3K IMG/Accessory/spinfit/cp350_2.jpg\", \"./images/3K IMG/Accessory/spinfit/cp350_3.jpg\"]','[\"Chuyên cho TWS\", \"Chất liệu: Silicone mềm\", \"Size: S/M/L\", \"Giữ tai chắc, chống rơi\"]',0,5,100,0),(73,'SpinFit CP155 Eartips','spinfit',210000.00,'6 tháng','Eartips SpinFit CP155 dành cho tai nghe nozzle lớn, thoải mái và giữ seal tốt.','accessory','[\"./images/3K IMG/Accessory/spinfit/cp155_1.jpg\", \"./images/3K IMG/Accessory/spinfit/cp155_2.jpg\", \"./images/3K IMG/Accessory/spinfit/cp155_3.jpg\"]','[\"Đường kính: 5.5mm\", \"Chất liệu: Silicone y tế\", \"Size: S/M/L\", \"Seal tốt, thoải mái lâu dài\"]',3,1,100,0),(79,'FiiO HS18 Eartips','fiio',120000.00,'6 tháng','Eartips FiiO HS18 mỏng, nhẹ, thoáng, giúp cải thiện chất âm và đeo lâu không mỏi.','accessory','[\"./images/3K IMG/Accessory/fiio/hs18_1.jpg\", \"./images/3K IMG/Accessory/fiio/hs18_2.jpg\", \"./images/3K IMG/Accessory/fiio/hs18_3.jpg\"]','[\"Đường kính: 4.0mm\", \"Chất liệu: Silicone\", \"Tăng cường chi tiết âm cao\"]',2,1,100,0),(81,'FiiO SK-M11Plus Leather Case','fiio',490000.00,'12 tháng','Bao da FiiO SK-M11Plus thiết kế chuẩn cho DAP FiiO M11 Plus, chất liệu da PU cao cấp.','accessory','[\"./images/3K IMG/Accessory/fiio/skm11p_1.jpg\", \"./images/3K IMG/Accessory/fiio/skm11p_2.jpg\", \"./images/3K IMG/Accessory/fiio/skm11p_3.jpg\"]','[\"Chất liệu: Da PU\", \"Tương thích: M11 Plus\", \"Bảo vệ DAP hiệu quả\"]',2,1,100,0),(82,'FiiO LA-UA1 USB Adapter','fiio',230000.00,'12 tháng','Adapter FiiO LA-UA1 chuyển đổi USB-A sang USB-C, tối ưu cho DAC/AMP di động.','accessory','[\"./images/3K IMG/Accessory/fiio/laua1_1.jpg\", \"./images/3K IMG/Accessory/fiio/laua1_2.jpg\", \"./images/3K IMG/Accessory/fiio/laua1_3.jpg\"]','[\"Cổng: USB-A to USB-C\", \"Tốc độ truyền dữ liệu cao\", \"Tương thích: nhiều thiết bị\"]',7,5,100,0),(83,'FiiO HB11 Carrying Case','fiio',250000.00,'12 tháng','Hộp đựng phụ kiện FiiO HB11 nhỏ gọn, cứng cáp, chống va đập tốt cho tai nghe và DAC.','accessory','[\"./images/3K IMG/Accessory/fiio/hb11_1.jpg\", \"./images/3K IMG/Accessory/fiio/hb11_2.jpg\", \"./images/3K IMG/Accessory/fiio/hb11_3.jpg\"]','[\"Chất liệu: Nhựa EVA\", \"Chống nước nhẹ\", \"Kích thước: Nhỏ gọn\"]',3,1,100,1),(84,'FiiO LC-RE Pro Cable','fiio',1990000.00,'12 tháng','Dây dẫn FiiO LC-RE Pro chuẩn balanced, độ hoàn thiện cao, nâng chất lượng tín hiệu.','accessory','[\"./images/3K IMG/Accessory/fiio/lcrepro_1.jpg\", \"./images/3K IMG/Accessory/fiio/lcrepro_2.jpg\", \"./images/3K IMG/Accessory/fiio/lcrepro_3.jpg\"]','[\"Chiều dài: 120cm\", \"Jack: 2.5/3.5/4.4mm\", \"Dây đồng mạ bạc\"]',8,2,100,1),(85,'FiiO LS-3.5B Earphone Cable','FIIO',480000.00,'12 tháng','Dây FiiO LS-3.5B bền đẹp, chống rối, jack 3.5mm phù hợp nhiều thiết bị.','accessory','[\"images/products/1750375640334-gx375db0y-ls35b_1.jpg\",\"images/products/1750375640340-3wjhwroor-ls35b_2.jpg\",\"images/products/1750375640347-si3n0h9dz-ls35b_3.jpg\"]','[]',2,1,100,2);
/*!40000 ALTER TABLE `products` ENABLE KEYS */;
UNLOCK TABLES;

--
-- Table structure for table `promotions`
--

DROP TABLE IF EXISTS `promotions`;
/*!40101 SET @saved_cs_client     = @@character_set_client */;
/*!50503 SET character_set_client = utf8mb4 */;
CREATE TABLE `promotions` (
  `id` int NOT NULL AUTO_INCREMENT,
  `name` varchar(255) NOT NULL,
  `description` text,
  `discount_type` enum('percentage','fixed') NOT NULL,
  `discount_value` decimal(10,2) NOT NULL,
  `start_date` timestamp NOT NULL,
  `end_date` timestamp NOT NULL,
  `status` enum('active','inactive') DEFAULT 'active',
  `created_at` timestamp NULL DEFAULT CURRENT_TIMESTAMP,
  PRIMARY KEY (`id`)
) ENGINE=InnoDB DEFAULT CHARSET=utf8mb4 COLLATE=utf8mb4_0900_ai_ci;
/*!40101 SET character_set_client = @saved_cs_client */;

--
-- Dumping data for table `promotions`
--

LOCK TABLES `promotions` WRITE;
/*!40000 ALTER TABLE `promotions` DISABLE KEYS */;
/*!40000 ALTER TABLE `promotions` ENABLE KEYS */;
UNLOCK TABLES;

--
-- Table structure for table `provinces`
--

DROP TABLE IF EXISTS `provinces`;
/*!40101 SET @saved_cs_client     = @@character_set_client */;
/*!50503 SET character_set_client = utf8mb4 */;
CREATE TABLE `provinces` (
  `id` int NOT NULL AUTO_INCREMENT,
  `name` varchar(255) NOT NULL,
  `code` varchar(10) DEFAULT NULL,
  PRIMARY KEY (`id`)
) ENGINE=InnoDB AUTO_INCREMENT=64 DEFAULT CHARSET=utf8mb4 COLLATE=utf8mb4_0900_ai_ci;
/*!40101 SET character_set_client = @saved_cs_client */;

--
-- Dumping data for table `provinces`
--

LOCK TABLES `provinces` WRITE;
/*!40000 ALTER TABLE `provinces` DISABLE KEYS */;
INSERT INTO `provinces` VALUES (1,'Hà Nội','01'),(2,'TP. Hồ Chí Minh','79'),(3,'Đà Nẵng','48'),(4,'Hải Phòng','31'),(5,'Cần Thơ','92'),(6,'An Giang','91'),(7,'Bà Rịa - Vũng Tàu','77'),(8,'Bắc Giang','24'),(9,'Bắc Kạn','06'),(10,'Bạc Liêu','95'),(11,'Bắc Ninh','27'),(12,'Bến Tre','83'),(13,'Bình Định','52'),(14,'Bình Dương','74'),(15,'Bình Phước','70'),(16,'Bình Thuận','60'),(17,'Cà Mau','96'),(18,'Cao Bằng','04'),(19,'Đắk Lắk','33'),(20,'Đắk Nông','67'),(21,'Điện Biên','11'),(22,'Đồng Nai','75'),(23,'Đồng Tháp','87'),(24,'Gia Lai','64'),(25,'Hà Giang','02'),(26,'Hà Nam','35'),(27,'Hà Tĩnh','42'),(28,'Hải Dương','30'),(29,'Hậu Giang','93'),(30,'Hòa Bình','17'),(31,'Hưng Yên','33'),(32,'Khánh Hòa','56'),(33,'Kiên Giang','91'),(34,'Kon Tum','62'),(35,'Lai Châu','12'),(36,'Lâm Đồng','68'),(37,'Lạng Sơn','20'),(38,'Lào Cai','10'),(39,'Long An','80'),(40,'Nam Định','36'),(41,'Nghệ An','40'),(42,'Ninh Bình','37'),(43,'Ninh Thuận','58'),(44,'Phú Thọ','25'),(45,'Phú Yên','54'),(46,'Quảng Bình','44'),(47,'Quảng Nam','49'),(48,'Quảng Ngãi','51'),(49,'Quảng Ninh','22'),(50,'Quảng Trị','45'),(51,'Sóc Trăng','94'),(52,'Sơn La','14'),(53,'Tây Ninh','72'),(54,'Thái Bình','34'),(55,'Thái Nguyên','19'),(56,'Thanh Hóa','38'),(57,'Thừa Thiên Huế','46'),(58,'Tiền Giang','82'),(59,'Trà Vinh','84'),(60,'Tuyên Quang','08'),(61,'Vĩnh Long','86'),(62,'Vĩnh Phúc','26'),(63,'Yên Bái','15');
/*!40000 ALTER TABLE `provinces` ENABLE KEYS */;
UNLOCK TABLES;

--
-- Table structure for table `role_permissions`
--

DROP TABLE IF EXISTS `role_permissions`;
/*!40101 SET @saved_cs_client     = @@character_set_client */;
/*!50503 SET character_set_client = utf8mb4 */;
CREATE TABLE `role_permissions` (
  `id` int NOT NULL AUTO_INCREMENT,
  `role_id` int NOT NULL,
  `permission_id` int NOT NULL,
  `created_at` timestamp NULL DEFAULT CURRENT_TIMESTAMP,
  PRIMARY KEY (`id`),
  UNIQUE KEY `unique_role_permission` (`role_id`,`permission_id`),
  KEY `permission_id` (`permission_id`),
  CONSTRAINT `role_permissions_ibfk_1` FOREIGN KEY (`role_id`) REFERENCES `roles` (`id`) ON DELETE CASCADE,
  CONSTRAINT `role_permissions_ibfk_2` FOREIGN KEY (`permission_id`) REFERENCES `permissions` (`id`) ON DELETE CASCADE
) ENGINE=InnoDB DEFAULT CHARSET=utf8mb4 COLLATE=utf8mb4_0900_ai_ci;
/*!40101 SET character_set_client = @saved_cs_client */;

--
-- Dumping data for table `role_permissions`
--

LOCK TABLES `role_permissions` WRITE;
/*!40000 ALTER TABLE `role_permissions` DISABLE KEYS */;
/*!40000 ALTER TABLE `role_permissions` ENABLE KEYS */;
UNLOCK TABLES;

--
-- Table structure for table `roles`
--

DROP TABLE IF EXISTS `roles`;
/*!40101 SET @saved_cs_client     = @@character_set_client */;
/*!50503 SET character_set_client = utf8mb4 */;
CREATE TABLE `roles` (
  `id` int NOT NULL AUTO_INCREMENT,
  `name` varchar(50) NOT NULL,
  `description` text,
  `created_at` timestamp NULL DEFAULT CURRENT_TIMESTAMP,
  `updated_at` timestamp NULL DEFAULT CURRENT_TIMESTAMP ON UPDATE CURRENT_TIMESTAMP,
  PRIMARY KEY (`id`),
  UNIQUE KEY `name` (`name`)
) ENGINE=InnoDB AUTO_INCREMENT=4 DEFAULT CHARSET=utf8mb4 COLLATE=utf8mb4_0900_ai_ci;
/*!40101 SET character_set_client = @saved_cs_client */;

--
-- Dumping data for table `roles`
--

LOCK TABLES `roles` WRITE;
/*!40000 ALTER TABLE `roles` DISABLE KEYS */;
INSERT INTO `roles` VALUES (1,'user','Người dùng thông thường','2025-06-19 17:27:18','2025-06-19 17:27:18'),(2,'admin','Quản trị viên','2025-06-19 17:27:18','2025-06-19 17:27:18'),(3,'super_admin','Quản trị viên cấp cao','2025-06-19 17:27:18','2025-06-19 17:27:18');
/*!40000 ALTER TABLE `roles` ENABLE KEYS */;
UNLOCK TABLES;

--
-- Table structure for table `shipping_info`
--

DROP TABLE IF EXISTS `shipping_info`;
/*!40101 SET @saved_cs_client     = @@character_set_client */;
/*!50503 SET character_set_client = utf8mb4 */;
CREATE TABLE `shipping_info` (
  `id` int NOT NULL AUTO_INCREMENT,
  `order_id` int NOT NULL,
  `shipping_method` varchar(50) NOT NULL,
  `tracking_number` varchar(100) DEFAULT NULL,
  `estimated_delivery` date DEFAULT NULL,
  `actual_delivery` date DEFAULT NULL,
  `status` enum('pending','in_transit','delivered','failed') NOT NULL,
  `created_at` timestamp NULL DEFAULT CURRENT_TIMESTAMP,
  `updated_at` timestamp NULL DEFAULT CURRENT_TIMESTAMP ON UPDATE CURRENT_TIMESTAMP,
  PRIMARY KEY (`id`),
  KEY `order_id` (`order_id`),
  CONSTRAINT `shipping_info_ibfk_1` FOREIGN KEY (`order_id`) REFERENCES `orders` (`id`)
) ENGINE=InnoDB AUTO_INCREMENT=25 DEFAULT CHARSET=utf8mb4 COLLATE=utf8mb4_0900_ai_ci;
/*!40101 SET character_set_client = @saved_cs_client */;

--
-- Dumping data for table `shipping_info`
--

LOCK TABLES `shipping_info` WRITE;
/*!40000 ALTER TABLE `shipping_info` DISABLE KEYS */;
INSERT INTO `shipping_info` VALUES (2,108,'VINAPHONE','DNADFNADFDF','2025-06-29','2025-06-19','delivered','2025-06-19 21:42:45','2025-06-19 22:58:23'),(16,109,'Lazada Express','DNADFNADFDF222','2025-06-30','2025-06-19','delivered','2025-06-19 22:55:02','2025-06-19 22:55:23'),(17,96,'Giao Hàng Nhanh','DNADFNADFDF','2025-06-23','2025-06-19','delivered','2025-06-19 22:59:21','2025-06-19 22:59:26'),(18,94,'J&T Express','AASNDASKD12344','2025-06-30',NULL,'failed','2025-06-19 22:59:45','2025-06-19 22:59:47'),(19,91,'Giao Hàng Siêu Tốc','AASNDASKD123123123','2025-07-22','2025-06-19','delivered','2025-06-19 23:00:18','2025-06-19 23:00:24'),(20,90,'Giao Hàng Siêu Tốc','AAAAAAAAAAA','2025-06-23',NULL,'failed','2025-06-19 23:03:44','2025-06-19 23:03:47'),(21,89,'J&T Express','asadsss','2025-06-30','2025-06-19','delivered','2025-06-19 23:04:44','2025-06-19 23:04:48'),(22,88,'Grab Express','DNADFNADFDF11122','2025-06-30','2025-06-19','delivered','2025-06-19 23:08:06','2025-06-19 23:08:20'),(23,87,'Giao Hàng Nhanh','DNADFNADFDF','2025-06-25',NULL,'failed','2025-06-19 23:59:13','2025-06-19 23:59:16'),(24,118,'Giao Hàng Tiết Kiệm','AASNDASKD123','2025-06-23','2025-06-20','delivered','2025-06-20 00:14:55','2025-06-20 00:15:03');
/*!40000 ALTER TABLE `shipping_info` ENABLE KEYS */;
UNLOCK TABLES;

--
-- Table structure for table `user_addresses`
--

DROP TABLE IF EXISTS `user_addresses`;
/*!40101 SET @saved_cs_client     = @@character_set_client */;
/*!50503 SET character_set_client = utf8mb4 */;
CREATE TABLE `user_addresses` (
  `id` int NOT NULL AUTO_INCREMENT,
  `user_id` int NOT NULL,
  `name` varchar(255) NOT NULL,
  `phone` varchar(20) NOT NULL,
  `province_id` int NOT NULL,
  `district_id` int NOT NULL,
  `ward_id` int NOT NULL,
  `address_detail` text NOT NULL,
  `is_default` tinyint(1) DEFAULT '0',
  `created_at` timestamp NULL DEFAULT CURRENT_TIMESTAMP,
  `updated_at` timestamp NULL DEFAULT CURRENT_TIMESTAMP ON UPDATE CURRENT_TIMESTAMP,
  PRIMARY KEY (`id`),
  KEY `user_id` (`user_id`),
  KEY `province_id` (`province_id`),
  KEY `district_id` (`district_id`),
  KEY `ward_id` (`ward_id`),
  CONSTRAINT `user_addresses_ibfk_1` FOREIGN KEY (`user_id`) REFERENCES `users` (`id`) ON DELETE CASCADE,
  CONSTRAINT `user_addresses_ibfk_2` FOREIGN KEY (`province_id`) REFERENCES `provinces` (`id`),
  CONSTRAINT `user_addresses_ibfk_3` FOREIGN KEY (`district_id`) REFERENCES `districts` (`id`),
  CONSTRAINT `user_addresses_ibfk_4` FOREIGN KEY (`ward_id`) REFERENCES `wards` (`id`)
) ENGINE=InnoDB DEFAULT CHARSET=utf8mb4 COLLATE=utf8mb4_0900_ai_ci;
/*!40101 SET character_set_client = @saved_cs_client */;

--
-- Dumping data for table `user_addresses`
--

LOCK TABLES `user_addresses` WRITE;
/*!40000 ALTER TABLE `user_addresses` DISABLE KEYS */;
/*!40000 ALTER TABLE `user_addresses` ENABLE KEYS */;
UNLOCK TABLES;

--
-- Table structure for table `user_permissions`
--

DROP TABLE IF EXISTS `user_permissions`;
/*!40101 SET @saved_cs_client     = @@character_set_client */;
/*!50503 SET character_set_client = utf8mb4 */;
CREATE TABLE `user_permissions` (
  `id` int NOT NULL AUTO_INCREMENT,
  `user_id` int NOT NULL,
  `permission_id` int NOT NULL,
  `created_at` timestamp NULL DEFAULT CURRENT_TIMESTAMP,
  PRIMARY KEY (`id`),
  UNIQUE KEY `unique_user_permission` (`user_id`,`permission_id`),
  KEY `permission_id` (`permission_id`),
  CONSTRAINT `user_permissions_ibfk_1` FOREIGN KEY (`user_id`) REFERENCES `users` (`id`) ON DELETE CASCADE,
  CONSTRAINT `user_permissions_ibfk_2` FOREIGN KEY (`permission_id`) REFERENCES `permissions` (`id`) ON DELETE CASCADE
) ENGINE=InnoDB DEFAULT CHARSET=utf8mb4 COLLATE=utf8mb4_0900_ai_ci;
/*!40101 SET character_set_client = @saved_cs_client */;

--
-- Dumping data for table `user_permissions`
--

LOCK TABLES `user_permissions` WRITE;
/*!40000 ALTER TABLE `user_permissions` DISABLE KEYS */;
/*!40000 ALTER TABLE `user_permissions` ENABLE KEYS */;
UNLOCK TABLES;

--
-- Table structure for table `users`
--

DROP TABLE IF EXISTS `users`;
/*!40101 SET @saved_cs_client     = @@character_set_client */;
/*!50503 SET character_set_client = utf8mb4 */;
CREATE TABLE `users` (
  `id` int NOT NULL AUTO_INCREMENT,
  `username` varchar(255) NOT NULL,
  `password` varchar(255) NOT NULL,
  `email` varchar(255) DEFAULT NULL,
  `created_at` timestamp NULL DEFAULT CURRENT_TIMESTAMP,
  `phone` varchar(20) DEFAULT NULL,
  `role` enum('admin','user') DEFAULT 'user',
  `address` text,
  `fullname` text,
  `status` enum('active','inactive') DEFAULT 'active',
  PRIMARY KEY (`id`),
  UNIQUE KEY `username` (`username`)
) ENGINE=InnoDB AUTO_INCREMENT=15 DEFAULT CHARSET=utf8mb4 COLLATE=utf8mb4_0900_ai_ci;
/*!40101 SET character_set_client = @saved_cs_client */;

--
-- Dumping data for table `users`
--

LOCK TABLES `users` WRITE;
/*!40000 ALTER TABLE `users` DISABLE KEYS */;
INSERT INTO `users` VALUES (1,'hung123','$2b$10$bCQUSDFePyELJqREqd.GMOCp0ZYQhcdGZ9/cOyBIwY6GjAN8Rg1Ga','conanahungdinhvan123@gmail.com','2025-05-19 15:08:11','123456789','admin','nhà nobita','Doraemon','active'),(5,'jojojo','$2b$10$aScfnNWrudQual37aDYuo.fzwJEo3D9qZCdohtBRI8.PaZULHufBq','n22dccn091@student.ptithcm.edu.vn','2025-05-05 08:33:56',NULL,'user',NULL,NULL,'active'),(6,'testuser','$2b$10$0N3bDZ5oY5Hc9xES.xX2kO3tv6qD9oPX1LEvJM9UZ4YxmY34InIBu','quangtr36@gmail.com','2025-05-05 09:36:23',NULL,'user',NULL,NULL,'active'),(8,'hung1122','$2b$10$kTQ.GLmuG6BuknzvgO0wwuaOp0FJHPIGor5SwB4IuKFxVtlYsnTN6','conanan@gmail.com','2025-06-04 07:52:07','thitj cho mam tom','user','thit cho mam tom','Dinh Van Hung','active'),(9,'hung','$2b$10$OEUbH4Ht9uWl7G1I4Zp19.6Hc/1FtTs9Zhh43XcxoNsCr98E0zSEe','conn@gmail.com','2025-06-13 13:07:06','1 2 3 ','user','điện korin','hung','active'),(10,'hung22','$2b$10$8A1lTmijOz5rQruMib7Fte8Z6QgQ9jkI0dFU2XXT7A8mplJ.s1djq','cc@gmail.com','2025-06-18 08:58:46','00000','user','nhà nôbita','Nobita','active');
/*!40000 ALTER TABLE `users` ENABLE KEYS */;
UNLOCK TABLES;

--
-- Table structure for table `wards`
--

DROP TABLE IF EXISTS `wards`;
/*!40101 SET @saved_cs_client     = @@character_set_client */;
/*!50503 SET character_set_client = utf8mb4 */;
CREATE TABLE `wards` (
  `id` int NOT NULL AUTO_INCREMENT,
  `name` varchar(255) NOT NULL,
  `code` varchar(10) DEFAULT NULL,
  `district_id` int NOT NULL,
  PRIMARY KEY (`id`),
  KEY `district_id` (`district_id`),
  CONSTRAINT `wards_ibfk_1` FOREIGN KEY (`district_id`) REFERENCES `districts` (`id`)
) ENGINE=InnoDB AUTO_INCREMENT=53 DEFAULT CHARSET=utf8mb4 COLLATE=utf8mb4_0900_ai_ci;
/*!40101 SET character_set_client = @saved_cs_client */;

--
-- Dumping data for table `wards`
--

LOCK TABLES `wards` WRITE;
/*!40000 ALTER TABLE `wards` DISABLE KEYS */;
INSERT INTO `wards` VALUES (1,'Phúc Xá','00001',1),(2,'Trúc Bạch','00004',1),(3,'Vĩnh Phúc','00006',1),(4,'Cống Vị','00007',1),(5,'Liễu Giai','00008',1),(6,'Nguyễn Trung Trực','00012',1),(7,'Quán Thánh','00013',1),(8,'Ngọc Hà','00016',1),(9,'Điện Biên','00019',1),(10,'Đội Cấn','00022',1),(11,'Ngọc Khánh','00025',1),(12,'Kim Mã','00028',1),(13,'Giảng Võ','00031',1),(14,'Thành Công','00034',1),(15,'Phúc Tân','00037',2),(16,'Đồng Xuân','00040',2),(17,'Hàng Mã','00043',2),(18,'Hàng Buồm','00046',2),(19,'Hàng Đào','00049',2),(20,'Hàng Bồ','00052',2),(21,'Cửa Đông','00055',2),(22,'Lý Thái Tổ','00058',2),(23,'Hàng Bạc','00061',2),(24,'Hàng Gai','00064',2),(25,'Chương Dương','00067',2),(26,'Hàng Trống','00070',2),(27,'Cửa Nam','00073',2),(28,'Hàng Bông','00076',2),(29,'Tràng Tiền','00079',2),(30,'Trần Hưng Đạo','00082',2),(31,'Phan Chu Trinh','00085',2),(32,'Hàng Bài','00088',2),(33,'Bến Nghé','26734',26),(34,'Bến Thành','26737',26),(35,'Cầu Kho','26740',26),(36,'Cầu Ông Lãnh','26743',26),(37,'Cô Giang','26746',26),(38,'Đa Kao','26749',26),(39,'Nguyễn Cư Trinh','26752',26),(40,'Nguyễn Thái Bình','26755',26),(41,'Phạm Ngũ Lão','26758',26),(42,'Tân Định','26761',26),(43,'Bến Nghé','26764',26),(44,'Bến Thành','26767',26),(45,'Cầu Kho','26770',26),(46,'Cầu Ông Lãnh','26773',26),(47,'Cô Giang','26776',26),(48,'Đa Kao','26779',26),(49,'Nguyễn Cư Trinh','26782',26),(50,'Nguyễn Thái Bình','26785',26),(51,'Phạm Ngũ Lão','26788',26),(52,'Tân Định','26791',26);
/*!40000 ALTER TABLE `wards` ENABLE KEYS */;
UNLOCK TABLES;
/*!40103 SET TIME_ZONE=@OLD_TIME_ZONE */;

/*!40101 SET SQL_MODE=@OLD_SQL_MODE */;
/*!40014 SET FOREIGN_KEY_CHECKS=@OLD_FOREIGN_KEY_CHECKS */;
/*!40014 SET UNIQUE_CHECKS=@OLD_UNIQUE_CHECKS */;
/*!40101 SET CHARACTER_SET_CLIENT=@OLD_CHARACTER_SET_CLIENT */;
/*!40101 SET CHARACTER_SET_RESULTS=@OLD_CHARACTER_SET_RESULTS */;
/*!40101 SET COLLATION_CONNECTION=@OLD_COLLATION_CONNECTION */;
/*!40111 SET SQL_NOTES=@OLD_SQL_NOTES */;

-- Dump completed on 2025-06-20  7:27:00
